study_id,sample_id,egfr_variants,pacc_like,tp53_mut,pik3ca_mut,met_mut,met_amp,rb1_mut
luad_tcga_pub,TCGA-05-4382-01,E545Q;R222L,False,True,False,False,False,False
luad_tcga_pub,TCGA-05-4402-01,T751_E758del,False,True,False,False,False,False
luad_tcga_pub,TCGA-05-4410-01,R377S,False,True,False,False,False,False
luad_tcga_pub,TCGA-05-5423-01,L833F;L861Q,False,True,False,False,False,False
luad_tcga_pub,TCGA-38-4627-01,L62R;L858R,False,False,False,False,False,False
luad_tcga_pub,TCGA-38-4628-01,E746_A750del,False,False,False,False,False,False
luad_tcga_pub,TCGA-38-6178-01,E746_A750del,False,True,False,False,False,False
luad_tcga_pub,TCGA-44-2661-01,E746_A750del,False,False,False,False,False,False
luad_tcga_pub,TCGA-44-6147-01,S768I;V769L,True,True,False,False,False,False
luad_tcga_pub,TCGA-49-4490-01,L858R,False,True,False,False,False,False
luad_tcga_pub,TCGA-49-4494-01,L858R;T790M,False,False,False,False,False,False
luad_tcga_pub,TCGA-49-4501-01,E746_A750del,False,False,False,False,False,False
luad_tcga_pub,TCGA-50-5944-01,L858R,False,True,False,False,False,False
luad_tcga_pub,TCGA-50-6595-01,G719A;S768I,True,True,False,False,False,False
luad_tcga_pub,TCGA-50-6673-01,H773dup,False,True,False,False,False,False
luad_tcga_pub,TCGA-55-6980-01,E709_T710delinsD,True,False,False,False,False,False
luad_tcga_pub,TCGA-55-6981-01,L747_T751del,False,False,False,False,False,False
luad_tcga_pub,TCGA-55-7573-01,K754E;L747_E749del,False,True,False,False,False,False
luad_tcga_pub,TCGA-64-1681-01,L858R,False,True,False,False,False,False
luad_tcga_pub,TCGA-67-3772-01,L858R,False,False,False,False,False,False
luad_tcga_pub,TCGA-67-6217-01,L858R,False,False,False,False,False,False
luad_tcga_pub,TCGA-69-7760-01,E709_T710delinsD,True,True,False,False,False,False
luad_tcga_pub,TCGA-69-7765-01,Q486*,False,True,False,False,False,False
luad_tcga_pub,TCGA-75-6207-01,E746_A750del,False,True,False,False,False,False
luad_tcga_pub,TCGA-75-6212-01,L747_E749del,False,False,False,False,False,False
luad_tcga_pub,TCGA-75-7025-01,E746_A750del,False,False,False,False,False,False
luad_tcga_pub,TCGA-78-7147-01,D1083Efs*11;L387M;L861Q,False,True,False,False,False,False
luad_tcga_pub,TCGA-78-7155-01,G901V;K754I;Q432H,False,True,False,False,False,False
luad_tcga_pub,TCGA-78-7158-01,L907M,False,False,False,False,False,False
luad_tcga_pub,TCGA-91-6835-01,L858R,False,False,False,False,False,True
luad_tcga_pub,TCGA-91-6847-01,L861Q,False,True,False,True,False,True
luad_tcga_pub,TCGA-95-7039-01,S921R,False,True,False,False,True,False
luad_tcga_pub,TCGA-95-7947-01,I91V;R1052I,False,True,True,False,False,True
luad_tcga_pan_can_atlas_2018,TCGA-05-4382-01,E545Q;R222L,False,True,False,False,False,False
luad_tcga_pan_can_atlas_2018,TCGA-05-4402-01,I759N;T751_I759delinsN,False,True,False,False,False,False
luad_tcga_pan_can_atlas_2018,TCGA-05-4410-01,R377S,False,True,False,False,False,False
luad_tcga_pan_can_atlas_2018,TCGA-05-5423-01,L833F;L861Q,False,True,False,False,False,False
luad_tcga_pan_can_atlas_2018,TCGA-38-4627-01,L62R;L858R,False,False,False,False,False,False
luad_tcga_pan_can_atlas_2018,TCGA-38-4628-01,E746_A750del,False,False,False,False,False,False
luad_tcga_pan_can_atlas_2018,TCGA-38-6178-01,E746_A750del,False,True,False,False,False,False
luad_tcga_pan_can_atlas_2018,TCGA-44-5645-01,A767_V769dup,False,True,True,False,False,False
luad_tcga_pan_can_atlas_2018,TCGA-44-A4SU-01,G719C;S768I,True,True,False,False,False,False
luad_tcga_pan_can_atlas_2018,TCGA-49-4490-01,L858R,False,True,False,False,False,False
luad_tcga_pan_can_atlas_2018,TCGA-49-4494-01,L858R;T790M,False,False,False,False,False,False
luad_tcga_pan_can_atlas_2018,TCGA-49-4501-01,E746_A750del,False,False,False,False,False,False
luad_tcga_pan_can_atlas_2018,TCGA-50-5066-01,X210_splice,False,True,False,False,True,False
luad_tcga_pan_can_atlas_2018,TCGA-50-5944-01,L858R,False,True,False,False,False,False
luad_tcga_pan_can_atlas_2018,TCGA-50-6591-01,K754_I759del;L833V,False,True,False,False,False,False
luad_tcga_pan_can_atlas_2018,TCGA-50-6595-01,G719A;S768I,True,True,False,False,False,False
luad_tcga_pan_can_atlas_2018,TCGA-50-6673-01,H773dup,False,True,False,False,False,False
luad_tcga_pan_can_atlas_2018,TCGA-55-6968-01,E866K,False,True,False,False,False,True
luad_tcga_pan_can_atlas_2018,TCGA-55-6980-01,E709_T710delinsD,True,True,False,False,False,False
luad_tcga_pan_can_atlas_2018,TCGA-55-6981-01,L747_T751del,False,False,False,False,False,False
luad_tcga_pan_can_atlas_2018,TCGA-55-7570-01,V300M,False,True,False,False,False,False
luad_tcga_pan_can_atlas_2018,TCGA-55-7573-01,K754E;L747_E749del,False,True,False,False,False,False
luad_tcga_pan_can_atlas_2018,TCGA-55-8096-01,L858R,False,True,False,False,False,False
luad_tcga_pan_can_atlas_2018,TCGA-55-8206-01,E746_A750del,False,False,False,False,False,False
luad_tcga_pan_can_atlas_2018,TCGA-55-8506-01,L858R,False,True,False,False,False,False
luad_tcga_pan_can_atlas_2018,TCGA-55-A48Z-01,G719A,True,True,False,False,False,True
luad_tcga_pan_can_atlas_2018,TCGA-55-A57B-01,L747_T751del,False,True,False,False,False,True
luad_tcga_pan_can_atlas_2018,TCGA-62-8394-01,L858R,False,True,False,False,False,False
luad_tcga_pan_can_atlas_2018,TCGA-62-8402-01,E746_A750del,False,True,False,False,False,False
luad_tcga_pan_can_atlas_2018,TCGA-62-A46U-01,E746_A750del,False,True,False,False,False,False
luad_tcga_pan_can_atlas_2018,TCGA-64-1681-01,L858R,False,True,False,False,False,False
luad_tcga_pan_can_atlas_2018,TCGA-67-3770-01,L858R,False,True,False,False,False,False
luad_tcga_pan_can_atlas_2018,TCGA-67-3772-01,L858R,False,False,False,False,False,False
luad_tcga_pan_can_atlas_2018,TCGA-67-6217-01,L858R,False,False,False,False,False,False
luad_tcga_pan_can_atlas_2018,TCGA-69-7760-01,E709_T710delinsD,True,True,False,False,False,False
luad_tcga_pan_can_atlas_2018,TCGA-69-7765-01,Q486*,False,True,False,False,False,False
luad_tcga_pan_can_atlas_2018,TCGA-75-6207-01,E746_A750del,False,True,False,False,False,False
luad_tcga_pan_can_atlas_2018,TCGA-75-6212-01,L747_A750delinsP,False,False,False,False,False,False
luad_tcga_pan_can_atlas_2018,TCGA-75-7025-01,E746_A750del,False,False,False,False,False,False
luad_tcga_pan_can_atlas_2018,TCGA-78-7147-01,D1083Efs*11;L387M;L861Q,False,True,False,False,False,False
luad_tcga_pan_can_atlas_2018,TCGA-78-7155-01,G901V;K754I;Q432H,False,True,False,False,False,False
luad_tcga_pan_can_atlas_2018,TCGA-78-7158-01,L907M,False,False,False,False,False,False
luad_tcga_pan_can_atlas_2018,TCGA-86-8055-01,L858R,False,True,False,False,False,False
luad_tcga_pan_can_atlas_2018,TCGA-86-8074-01,E746_A750del,False,True,False,False,False,True
luad_tcga_pan_can_atlas_2018,TCGA-86-8075-01,L858R,False,True,False,False,False,False
luad_tcga_pan_can_atlas_2018,TCGA-86-8280-01,E746_A750del,False,True,False,False,False,False
luad_tcga_pan_can_atlas_2018,TCGA-86-8668-01,L858R,False,False,False,False,False,False
luad_tcga_pan_can_atlas_2018,TCGA-86-A4P7-01,E709_T710delinsD,True,True,False,False,False,False
luad_tcga_pan_can_atlas_2018,TCGA-91-6835-01,L858R,False,False,False,False,False,False
luad_tcga_pan_can_atlas_2018,TCGA-93-A4JP-01,L861Q,False,True,False,False,False,True
luad_tcga_pan_can_atlas_2018,TCGA-95-7039-01,S921R,False,True,False,False,False,False
luad_tcga_pan_can_atlas_2018,TCGA-95-7947-01,I91V;R1052I,False,True,True,False,False,True
luad_tcga_pan_can_atlas_2018,TCGA-97-8171-01,E746_A750del,False,False,False,False,False,False
luad_tcga_pan_can_atlas_2018,TCGA-97-8172-01,G627*,False,True,False,False,False,True
luad_tcga_pan_can_atlas_2018,TCGA-97-8177-01,L858R,False,False,True,False,False,False
luad_tcga_pan_can_atlas_2018,TCGA-97-8547-01,E746_A750del,False,True,False,False,False,False
luad_tcga_pan_can_atlas_2018,TCGA-97-8552-01,E746_A750del,False,False,True,False,False,False
luad_tcga_pan_can_atlas_2018,TCGA-97-A4M1-01,L858R,False,True,False,False,False,False
luad_tcga_pan_can_atlas_2018,TCGA-97-A4M6-01,E746_A750del,False,False,False,False,False,False
luad_tcga_pan_can_atlas_2018,TCGA-97-A4M7-01,L858R,False,False,False,False,False,False
luad_tcga_pan_can_atlas_2018,TCGA-J2-8192-01,E746_A750del,False,False,False,False,False,False
luad_tcga_pan_can_atlas_2018,TCGA-L9-A50W-01,L858R;T790M,False,False,False,False,False,False
luad_tcga_pan_can_atlas_2018,TCGA-MP-A4SW-01,L858R,False,False,False,False,False,False
luad_tcga_pan_can_atlas_2018,TCGA-MP-A4T6-01,L747_A750delinsP,False,False,False,False,False,False
luad_tcga_pan_can_atlas_2018,TCGA-MP-A4T9-01,L858R,False,True,False,False,False,False
lusc_tcga_pub,TCGA-22-4601-01,P1019L,False,True,False,False,False,True
lusc_tcga_pub,TCGA-37-3789-01,G339*;R533M;R803M;W200C,False,True,False,False,False,False
lusc_tcga_pub,TCGA-46-3769-01,P589L,False,True,False,False,False,False
lusc_tcga_pub,TCGA-60-2698-01,X210_splice,False,True,False,False,False,False
lusc_tcga_pub,TCGA-60-2708-01,S720C,False,True,False,False,False,False
lusc_tcga_pub,TCGA-66-2742-01,L861Q,False,True,False,False,False,False
lusc_tcga_pub,TCGA-70-6722-01,L861Q;V843L,False,False,True,False,False,False
lusc_tcga_pan_can_atlas_2018,TCGA-18-3417-01,X297_splice,False,True,False,False,False,False
lusc_tcga_pan_can_atlas_2018,TCGA-22-4601-01,P1019L,False,True,False,False,False,True
lusc_tcga_pan_can_atlas_2018,TCGA-22-4609-01,S229C,False,True,False,False,False,False
lusc_tcga_pan_can_atlas_2018,TCGA-33-4566-01,X1039_splice,False,True,False,False,False,False
lusc_tcga_pan_can_atlas_2018,TCGA-43-A56U-01,P192R,False,False,False,False,False,False
lusc_tcga_pan_can_atlas_2018,TCGA-46-3765-01,G627*,False,True,False,False,False,False
lusc_tcga_pan_can_atlas_2018,TCGA-46-3769-01,P589L,False,True,False,False,False,False
lusc_tcga_pan_can_atlas_2018,TCGA-56-8304-01,G87C,False,True,False,False,False,False
lusc_tcga_pan_can_atlas_2018,TCGA-60-2698-01,X210_splice,False,True,False,False,False,False
lusc_tcga_pan_can_atlas_2018,TCGA-60-2708-01,S720C,False,True,False,False,False,False
lusc_tcga_pan_can_atlas_2018,TCGA-66-2742-01,L861Q,False,True,False,False,False,False
lusc_tcga_pan_can_atlas_2018,TCGA-70-6722-01,L861Q;V843L,False,True,True,False,False,False
lusc_tcga_pan_can_atlas_2018,TCGA-77-8156-01,Y1138C,False,True,False,False,False,False
lusc_tcga_pan_can_atlas_2018,TCGA-85-A50M-01,E746_A750del,False,True,False,False,False,False
