requested_variant,civic_variant,civic_variant_id,status,evidence_level,evidence_type,significance,disease,therapies,source,publication_year,title
G719A,G719A,999,ACCEPTED,C,PREDICTIVE,SENSITIVITYRESPONSE,Lung Non-small Cell Carcinoma,Gefitinib,"Douillard et al., 2010",2010,Molecular predictors of outcome with gefitinib and docetaxel in previously treated non-small-cell lung cancer: data from the randomized phase III INTEREST trial.
G719A,G719A,999,SUBMITTED,B,PREDICTIVE,SENSITIVITYRESPONSE,Lung Non-small Cell Carcinoma,Erlotinib,"Cappuzzo et al., 2010",2010,"Erlotinib as maintenance treatment in advanced non-small-cell lung cancer: a multicentre, randomised, placebo-controlled phase 3 study."
G719A,G719A,999,SUBMITTED,C,PREDICTIVE,SENSITIVITYRESPONSE,Lung Adenocarcinoma,Erlotinib,"De Grève et al., 2016",2016,Prospective Evaluation of First-Line Erlotinib in Advanced Non-Small Cell Lung Cancer (NSCLC) Carrying an Activating EGFR Mutation: A Multicenter Academic Phase II Study in Caucasian Patients (FIELT).
G719A,G719A,999,ACCEPTED,C,PREDICTIVE,SENSITIVITYRESPONSE,Lung Non-small Cell Carcinoma,Erlotinib;Gefitinib,"Locatelli-Sanchez et al., 2013",2013,Routine EGFR molecular analysis in non-small-cell lung cancer patients is feasible: exons 18-21 sequencing results of 753 patients and subsequent clinical outcomes.
G719A,G719A,999,SUBMITTED,C,PREDICTIVE,SENSITIVITYRESPONSE,Lung Non-small Cell Carcinoma,Erlotinib,"Wu et al., 2011",2011,"Effectiveness of tyrosine kinase inhibitors on ""uncommon"" epidermal growth factor receptor mutations of unknown clinical significance in non-small cell lung cancer."
G719A,G719A,999,SUBMITTED,C,PREDICTIVE,SENSITIVITYRESPONSE,Lung Non-small Cell Carcinoma,Gefitinib,"Wu et al., 2011",2011,"Effectiveness of tyrosine kinase inhibitors on ""uncommon"" epidermal growth factor receptor mutations of unknown clinical significance in non-small cell lung cancer."
G719C,G719C,998,no_evidence_items,,,,,,,,
G719D,G719D,1420,ACCEPTED,C,PREDICTIVE,SENSITIVITYRESPONSE,Lung Non-small Cell Carcinoma,Erlotinib;Gefitinib,"Wu et al., 2011",2011,"Effectiveness of tyrosine kinase inhibitors on ""uncommon"" epidermal growth factor receptor mutations of unknown clinical significance in non-small cell lung cancer."
G719S,G719S,134,ACCEPTED,D,PREDICTIVE,SENSITIVITYRESPONSE,Lung Non-small Cell Carcinoma,Gefitinib,"Paez et al., 2004",2004,EGFR mutations in lung cancer: correlation with clinical response to gefitinib therapy.
G719S,G719S,134,ACCEPTED,D,PREDICTIVE,SENSITIVITYRESPONSE,Colorectal Cancer,Cetuximab,"Cho et al., 2014",2014,Colon cancer-derived oncogenic EGFR G724S mutant identified by whole genome sequence analysis is dependent on asymmetric dimerization and sensitive to cetuximab.
G719S,G719S,134,SUBMITTED,D,PREDICTIVE,SENSITIVITYRESPONSE,Lung Non-small Cell Carcinoma,Gefitinib,"Kancha et al., 2009",2009,Functional analysis of epidermal growth factor receptor (EGFR) mutations and potential implications for EGFR targeted therapy.
G719S,G719S,134,ACCEPTED,B,PREDICTIVE,SENSITIVITYRESPONSE,Lung Non-small Cell Carcinoma,Erlotinib;Gefitinib,"Otsuka et al., 2015",2015,Effectiveness of Tyrosine Kinase Inhibitors in Japanese Patients with Non-small Cell Lung Cancer Harboring Minor Epidermal Growth Factor Receptor Mutations: Results from a Multicenter Retrospective Study (HANSHIN Oncology Group 0212).
G719S,G719S,134,SUBMITTED,D,PREDICTIVE,SENSITIVITYRESPONSE,Lung Non-small Cell Carcinoma,Erlotinib,"Greulich et al., 2005",2005,Oncogenic transformation by inhibitor-sensitive and -resistant EGFR mutants.
G719S,G719S,134,SUBMITTED,D,ONCOGENIC,ONCOGENICITY,Cancer,,"Kim et al., 2020",2020,"Colorectal adenocarcinoma-derived EGFR mutants are oncogenic and sensitive to EGFR-targeted monoclonal antibodies, cetuximab and panitumumab."
G719S,G719S,134,SUBMITTED,C,PREDICTIVE,SENSITIVITYRESPONSE,Lung Adenocarcinoma,Erlotinib,"De Pas et al., 2011",2011,Activity of epidermal growth factor receptor-tyrosine kinase inhibitors in patients with non-small cell lung cancer harboring rare epidermal growth factor receptor mutations.
G719S,G719S,134,SUBMITTED,D,FUNCTIONAL,GAIN_OF_FUNCTION,,,"Kim et al., 2020",2020,"Colorectal adenocarcinoma-derived EGFR mutants are oncogenic and sensitive to EGFR-targeted monoclonal antibodies, cetuximab and panitumumab."
G719S,G719S,134,SUBMITTED,D,PREDICTIVE,SENSITIVITYRESPONSE,Colorectal Cancer,Cetuximab;Panitumumab,"Kim et al., 2020",2020,"Colorectal adenocarcinoma-derived EGFR mutants are oncogenic and sensitive to EGFR-targeted monoclonal antibodies, cetuximab and panitumumab."
G719S,G719S,134,ACCEPTED,D,PREDICTIVE,SENSITIVITYRESPONSE,Lung Non-small Cell Carcinoma,Erlotinib,"Kancha et al., 2009",2009,Functional analysis of epidermal growth factor receptor (EGFR) mutations and potential implications for EGFR targeted therapy.
G719S,G719S,134,SUBMITTED,C,PREDICTIVE,SENSITIVITYRESPONSE,Lung Non-small Cell Carcinoma,Erlotinib,"De Pas et al., 2011",2011,Activity of epidermal growth factor receptor-tyrosine kinase inhibitors in patients with non-small cell lung cancer harboring rare epidermal growth factor receptor mutations.
G719X,G719X,2912,no_evidence_items,,,,,,,,
E709A,E709A,1414,no_evidence_items,,,,,,,,
E709G,E709G,1415,no_evidence_items,,,,,,,,
E709K,E709K,1412,SUBMITTED,D,ONCOGENIC,ONCOGENICITY,Cancer,,"Kim et al., 2020",2020,"Colorectal adenocarcinoma-derived EGFR mutants are oncogenic and sensitive to EGFR-targeted monoclonal antibodies, cetuximab and panitumumab."
E709K,E709K,1412,SUBMITTED,D,FUNCTIONAL,GAIN_OF_FUNCTION,,,"Kim et al., 2020",2020,"Colorectal adenocarcinoma-derived EGFR mutants are oncogenic and sensitive to EGFR-targeted monoclonal antibodies, cetuximab and panitumumab."
S768I,S768I,562,ACCEPTED,C,PREDICTIVE,SENSITIVITYRESPONSE,Lung Adenocarcinoma,Gefitinib,"Masago et al., 2010",2010,Good clinical response to gefitinib in a non-small cell lung cancer patient harboring a rare somatic epidermal growth factor gene point mutation; codon 768 AGC > ATC in exon 20 (S768I).
S768I,S768I,562,SUBMITTED,B,PREDICTIVE,SENSITIVITYRESPONSE,Lung Non-small Cell Carcinoma,Gefitinib,"Wu et al., 2008",2008,Good response to gefitinib in lung adenocarcinoma of complex epidermal growth factor receptor (EGFR) mutations with the classical mutation pattern.
S768I,S768I,562,SUBMITTED,B,PREDICTIVE,SENSITIVITYRESPONSE,Lung Non-small Cell Carcinoma,Gefitinib,"Takano et al., 2005",2005,Epidermal growth factor receptor gene mutations and increased copy numbers predict gefitinib sensitivity in patients with recurrent non-small-cell lung cancer.
S768I,S768I,562,SUBMITTED,D,PREDICTIVE,SENSITIVITYRESPONSE,Lung Non-small Cell Carcinoma,Gefitinib,"Chen et al., 2006",2006,Distinctive activation patterns in constitutively active and gefitinib-sensitive EGFR mutants.
S768I,S768I,562,SUBMITTED,D,PREDICTIVE,SENSITIVITYRESPONSE,Lung Non-small Cell Carcinoma,Erlotinib,"de Gunst et al., 2007",2007,Functional analysis of cancer-associated EGFR mutants using a cellular assay with YFP-tagged EGFR intracellular domain.
S768I,S768I,562,ACCEPTED,C,PREDICTIVE,RESISTANCE,Lung Adenocarcinoma,Erlotinib,"Lund-Iversen et al., 2012",2012,Clinicopathological characteristics of 11 NSCLC patients with EGFR-exon 20 mutations.
S768I,S768I,562,ACCEPTED,D,PREDICTIVE,SENSITIVITYRESPONSE,Cancer,Erlotinib;Gefitinib,"Kancha et al., 2009",2009,Functional analysis of epidermal growth factor receptor (EGFR) mutations and potential implications for EGFR targeted therapy.
S768I,S768I,562,SUBMITTED,B,PREDICTIVE,SENSITIVITYRESPONSE,Lung Non-small Cell Carcinoma,Osimertinib,"Cho et al., 2020",2020,"Osimertinib for Patients With Non-Small-Cell Lung Cancer Harboring Uncommon EGFR Mutations: A Multicenter, Open-Label, Phase II Trial (KCSG-LU15-09)."
S768I,S768I,562,ACCEPTED,C,PREDICTIVE,SENSITIVITYRESPONSE,Lung Adenocarcinoma,Erlotinib,"Hellmann et al., 2014",2014,Clinical and in vivo evidence that EGFR S768I mutant lung adenocarcinomas are sensitive to erlotinib.
S768I,S768I,562,ACCEPTED,C,PREDICTIVE,SENSITIVITYRESPONSE,Lung Non-small Cell Carcinoma,Erlotinib,"Leventakos et al., 2016",2016,S768I Mutation in EGFR in Patients with Lung Cancer.
L747P,L747P,1891,ACCEPTED,C,PREDICTIVE,SENSITIVITYRESPONSE,Lung Non-small Cell Carcinoma,Erlotinib;Gefitinib,"Wu et al., 2011",2011,"Effectiveness of tyrosine kinase inhibitors on ""uncommon"" epidermal growth factor receptor mutations of unknown clinical significance in non-small cell lung cancer."
L858R,L858R,33,ACCEPTED,B,PREDICTIVE,SENSITIVITYRESPONSE,Lung Non-small Cell Carcinoma,Erlotinib;Gefitinib,"Fukihara et al., 2014",2014,Clinical predictors of response to EGFR tyrosine kinase inhibitors in patients with EGFR-mutant non-small cell lung cancer.
L858R,L858R,33,ACCEPTED,D,PREDICTIVE,SENSITIVITYRESPONSE,Lung Non-small Cell Carcinoma,Gefitinib,"Paez et al., 2004",2004,EGFR mutations in lung cancer: correlation with clinical response to gefitinib therapy.
L858R,L858R,33,ACCEPTED,B,PROGNOSTIC,BETTER_OUTCOME,Lung Non-small Cell Carcinoma,,"Douillard et al., 2014",2014,"Relationship between EGFR expression, EGFR mutation status, and the efficacy of chemotherapy plus cetuximab in FLEX study patients with advanced non-small-cell lung cancer."
L858R,L858R,33,ACCEPTED,D,PREDICTIVE,SENSITIVITYRESPONSE,Lung Non-small Cell Carcinoma,Afatinib,"Hirano et al., 2015",2015,In vitro modeling to determine mutation specificity of EGFR tyrosine kinase inhibitors against clinically relevant EGFR mutants in non-small-cell lung cancer.
L858R,L858R,33,ACCEPTED,B,PREDICTIVE,SENSITIVITYRESPONSE,Lung Non-small Cell Carcinoma,Gefitinib,"Yang et al., 2008",2008,Specific EGFR mutations predict treatment outcome of stage IIIB/IV patients with chemotherapy-naive non-small-cell lung cancer receiving first-line gefitinib monotherapy.
L858R,L858R,33,ACCEPTED,D,PREDICTIVE,SENSITIVITYRESPONSE,Cancer,Erlotinib;Gefitinib;Multikinase Inhibitor AEE788,"Kancha et al., 2009",2009,Functional analysis of epidermal growth factor receptor (EGFR) mutations and potential implications for EGFR targeted therapy.
L858R,L858R,33,SUBMITTED,C,PREDICTIVE,SENSITIVITYRESPONSE,Lung Non-small Cell Carcinoma,Afatinib,"Miller et al., 2012",2012,"Afatinib versus placebo for patients with advanced, metastatic non-small-cell lung cancer after failure of erlotinib, gefitinib, or both, and one or two lines of chemotherapy (LUX-Lung 1): a phase 2b/3 randomised trial."
L858R,L858R,33,SUBMITTED,C,PREDICTIVE,SENSITIVITYRESPONSE,Lung Non-small Cell Carcinoma,Gefitinib,"Maemondo et al., 2010",2010,Gefitinib or chemotherapy for non-small-cell lung cancer with mutated EGFR.
L858R,L858R,33,ACCEPTED,D,PREDICTIVE,SENSITIVITYRESPONSE,Lung Non-small Cell Carcinoma,Canertinib,"Li et al., 2008",2008,"BIBW2992, an irreversible EGFR/HER2 inhibitor highly effective in preclinical lung cancer models."
L858R,L858R,33,ACCEPTED,D,PREDICTIVE,SENSITIVITYRESPONSE,Lung Non-small Cell Carcinoma,Lapatinib,"Li et al., 2008",2008,"BIBW2992, an irreversible EGFR/HER2 inhibitor highly effective in preclinical lung cancer models."
L858R,L858R,33,ACCEPTED,C,PREDICTIVE,SENSITIVITYRESPONSE,Lung Adenocarcinoma,Gefitinib,"Pao et al., 2004",2004,"EGF receptor gene mutations are common in lung cancers from ""never smokers"" and are associated with sensitivity of tumors to gefitinib and erlotinib."
L858R,L858R,33,ACCEPTED,D,PREDICTIVE,SENSITIVITYRESPONSE,Lung Non-small Cell Carcinoma,Neratinib,"Shimamura et al., 2006",2006,Non-small-cell lung cancer and Ba/F3 transformed cells harboring the ERBB2 G776insV_G/C mutation are sensitive to the dual-specific epidermal growth factor receptor and ERBB2 inhibitor HKI-272.
L858R,L858R,33,ACCEPTED,C,PREDICTIVE,SENSITIVITYRESPONSE,Lung Non-small Cell Carcinoma,Erlotinib,"Pao et al., 2004",2004,"EGF receptor gene mutations are common in lung cancers from ""never smokers"" and are associated with sensitivity of tumors to gefitinib and erlotinib."
L858R,L858R,33,ACCEPTED,D,PREDICTIVE,SENSITIVITYRESPONSE,High Grade Glioma,Erlotinib,"Lee et al., 2006",2006,Epidermal growth factor receptor activation in glioblastoma through novel missense mutations in the extracellular domain.
L858R,L858R,33,ACCEPTED,D,PREDICTIVE,SENSITIVITYRESPONSE,Lung Adenocarcinoma,Cetuximab,"Konduri et al., 2016",2016,EGFR Fusions as Novel Therapeutic Targets in Lung Cancer.
L858R,L858R,33,ACCEPTED,D,PREDICTIVE,SENSITIVITYRESPONSE,Cancer,Dacomitinib;Erlotinib,"Harada et al., 2011",2011,Characterization of epidermal growth factor receptor mutations in non-small-cell lung cancer patients of African-American ancestry.
L858R,L858R,33,ACCEPTED,B,PREDICTIVE,SENSITIVITYRESPONSE,Lung Adenocarcinoma,Gefitinib,"Han et al., 2012",2012,First-SIGNAL: first-line single-agent iressa versus gemcitabine and cisplatin trial in never-smokers with adenocarcinoma of the lung.
L858R,L858R,33,ACCEPTED,D,PREDICTIVE,SENSITIVITYRESPONSE,Lung Non-small Cell Carcinoma,Afatinib,"Li et al., 2008",2008,"BIBW2992, an irreversible EGFR/HER2 inhibitor highly effective in preclinical lung cancer models."
L858R,L858R,33,ACCEPTED,B,PREDICTIVE,SENSITIVITYRESPONSE,Lung Non-small Cell Carcinoma,Dacomitinib,"Ramalingam et al., 2016",2016,Dacomitinib versus erlotinib in patients with EGFR-mutated advanced nonsmall-cell lung cancer (NSCLC): pooled subset analyses from two randomized trials.
L858R,L858R,33,ACCEPTED,D,PREDICTIVE,SENSITIVITYRESPONSE,Cancer,Erlotinib,"Foster et al., 2010",2010,Clinical implications of novel activating EGFR mutations in malignant peritoneal mesothelioma.
L858R,L858R,33,ACCEPTED,D,PREDICTIVE,SENSITIVITYRESPONSE,Lung Non-small Cell Carcinoma,Erlotinib,"Ray et al., 2016",2016,Differential protein stability of EGFR mutants determines responsiveness to tyrosine kinase inhibitors.
L858R,L858R,33,ACCEPTED,B,PREDICTIVE,SENSITIVITYRESPONSE,Lung Adenocarcinoma,Erlotinib,"De Grève et al., 2016",2016,Prospective Evaluation of First-Line Erlotinib in Advanced Non-Small Cell Lung Cancer (NSCLC) Carrying an Activating EGFR Mutation: A Multicenter Academic Phase II Study in Caucasian Patients (FIELT).
L858R,L858R,33,ACCEPTED,D,PREDICTIVE,SENSITIVITYRESPONSE,Lung Small Cell Carcinoma,Erlotinib,"Cross et al., 2014",2014,"AZD9291, an irreversible EGFR TKI, overcomes T790M-mediated resistance to EGFR inhibitors in lung cancer."
L858R,L858R,33,ACCEPTED,D,PREDICTIVE,SENSITIVITYRESPONSE,Lung Non-small Cell Carcinoma,Erlotinib,"Yasuda et al., 2013",2013,"Structural, biochemical, and clinical characterization of epidermal growth factor receptor (EGFR) exon 20 insertion mutations in lung cancer."
L858R,L858R,33,ACCEPTED,B,PREDICTIVE,SENSITIVITYRESPONSE,Lung Non-small Cell Carcinoma,Erlotinib;Gefitinib,"Lim et al., 2014",2014,Comparison of clinical outcomes following gefitinib and erlotinib treatment in non-small-cell lung cancer patients harboring an epidermal growth factor receptor mutation in either exon 19 or 21.
L858R,L858R,33,ACCEPTED,D,PREDICTIVE,SENSITIVITYRESPONSE,Lung Non-small Cell Carcinoma,Erlotinib,"Li et al., 2008",2008,"BIBW2992, an irreversible EGFR/HER2 inhibitor highly effective in preclinical lung cancer models."
L858R,L858R,33,ACCEPTED,B,PREDICTIVE,SENSITIVITYRESPONSE,Lung Non-small Cell Carcinoma,Erlotinib,"Rosell et al., 2012",2012,"Erlotinib versus standard chemotherapy as first-line treatment for European patients with advanced EGFR mutation-positive non-small-cell lung cancer (EURTAC): a multicentre, open-label, randomised phase 3 trial."
L858R,L858R,33,ACCEPTED,B,PREDICTIVE,SENSITIVITYRESPONSE,Lung Adenocarcinoma,Afatinib,"Wu et al., 2014",2014,"Afatinib versus cisplatin plus gemcitabine for first-line treatment of Asian patients with advanced non-small-cell lung cancer harbouring EGFR mutations (LUX-Lung 6): an open-label, randomised phase 3 trial."
L858R,L858R,33,ACCEPTED,A,PREDICTIVE,SENSITIVITYRESPONSE,Lung Non-small Cell Carcinoma,Erlotinib,"Khozin et al., 2014",2014,U.S. Food and Drug Administration approval summary: Erlotinib for the first-line treatment of metastatic non-small cell lung cancer with epidermal growth factor receptor exon 19 deletions or exon 21 (L858R) substitution mutations.
L858R,L858R,33,ACCEPTED,D,PREDICTIVE,SENSITIVITYRESPONSE,Lung Non-small Cell Carcinoma,Dacomitinib,"Engelman et al., 2007",2007,"PF00299804, an irreversible pan-ERBB inhibitor, is effective in lung cancer models with EGFR and ERBB2 mutations that are resistant to gefitinib."
L858R,L858R,33,ACCEPTED,B,PREDICTIVE,SENSITIVITYRESPONSE,Lung Non-small Cell Carcinoma,Gefitinib,"Douillard et al., 2010",2010,Molecular predictors of outcome with gefitinib and docetaxel in previously treated non-small-cell lung cancer: data from the randomized phase III INTEREST trial.
L858R,L858R,33,ACCEPTED,A,PREDICTIVE,SENSITIVITYRESPONSE,Lung Non-small Cell Carcinoma,Afatinib,"Dungo et al., 2013",2013,Afatinib: first global approval.
L858R,L858R,33,SUBMITTED,C,PREDICTIVE,SENSITIVITYRESPONSE,Lung Adenocarcinoma,Osimertinib,"Starrett et al., 2020",2020,Drug Sensitivity and Allele Specificity of First-Line Osimertinib Resistance EGFR Mutations.
L858R,L858R,33,ACCEPTED,B,PREDICTIVE,SENSITIVITYRESPONSE,Lung Adenocarcinoma,Afatinib,"Sequist et al., 2013",2013,Phase III study of afatinib or cisplatin plus pemetrexed in patients with metastatic lung adenocarcinoma with EGFR mutations.
L858R,L858R,33,ACCEPTED,B,PREDICTIVE,SENSITIVITYRESPONSE,Lung Adenocarcinoma,Afatinib,"Yang et al., 2012",2012,Afatinib for patients with lung adenocarcinoma and epidermal growth factor receptor mutations (LUX-Lung 2): a phase 2 trial.
L858R,L858R,33,ACCEPTED,B,PREDICTIVE,SENSITIVITYRESPONSE,Lung Adenocarcinoma,Gefitinib,"Urata et al., 2016",2016,Randomized Phase III Study Comparing Gefitinib With Erlotinib in Patients With Previously Treated Advanced Lung Adenocarcinoma: WJOG 5108L.
L858R,L858R,33,ACCEPTED,D,PREDICTIVE,SENSITIVITYRESPONSE,Lung Non-small Cell Carcinoma,Osimertinib,"Cross et al., 2014",2014,"AZD9291, an irreversible EGFR TKI, overcomes T790M-mediated resistance to EGFR inhibitors in lung cancer."
L858R,L858R,33,SUBMITTED,B,PREDICTIVE,SENSITIVITYRESPONSE,Lung Non-small Cell Carcinoma,Afatinib;Erlotinib;Gefitinib,"Koopman et al., 2021",2021,A Nationwide Study on the Impact of Routine Testing for EGFR Mutations in Advanced NSCLC Reveals Distinct Survival Patterns Based on EGFR Mutation Subclasses.
L858R,L858R,33,ACCEPTED,D,PREDICTIVE,SENSITIVITYRESPONSE,Cancer,Erlotinib,"de Gunst et al., 2007",2007,Functional analysis of cancer-associated EGFR mutants using a cellular assay with YFP-tagged EGFR intracellular domain.
L858R,L858R,33,ACCEPTED,C,PREDICTIVE,RESISTANCE,Lung Non-small Cell Carcinoma,Crizotinib,"Doebele et al., 2012",2012,Mechanisms of resistance to crizotinib in patients with ALK gene rearranged non-small cell lung cancer.
L858R,L858R,33,SUBMITTED,C,PREDICTIVE,SENSITIVITYRESPONSE,Lung Adenocarcinoma,Icotinib,"Wang et al., 2021",2021,Emerging a Novel VOPP1-EGFR Fusion Coexistent With T790M as an Acquired Resistance Mechanism to Prior Icotinib and Sensitive to Osimertinib in a Patient With EGFR L858R Lung Adenocarcinoma: A Case Report.
L858R,L858R,33,ACCEPTED,D,PREDICTIVE,SENSITIVITYRESPONSE,Lung Adenocarcinoma,Erlotinib,"Konduri et al., 2016",2016,EGFR Fusions as Novel Therapeutic Targets in Lung Cancer.
L861Q,L861Q,1020,SUBMITTED,D,PREDICTIVE,SENSITIVITYRESPONSE,Cancer,Erlotinib;Gefitinib;Multikinase Inhibitor AEE788,"Kancha et al., 2009",2009,Functional analysis of epidermal growth factor receptor (EGFR) mutations and potential implications for EGFR targeted therapy.
L861Q,L861Q,1020,ACCEPTED,D,PREDICTIVE,SENSITIVITYRESPONSE,High Grade Glioma,Erlotinib,"Lee et al., 2006",2006,Epidermal growth factor receptor activation in glioblastoma through novel missense mutations in the extracellular domain.
L861Q,L861Q,1020,SUBMITTED,C,PREDICTIVE,SENSITIVITYRESPONSE,Lung Non-small Cell Carcinoma,Erlotinib,"Wu et al., 2011",2011,"Effectiveness of tyrosine kinase inhibitors on ""uncommon"" epidermal growth factor receptor mutations of unknown clinical significance in non-small cell lung cancer."
L861Q,L861Q,1020,SUBMITTED,D,FUNCTIONAL,GAIN_OF_FUNCTION,,,"Lee et al., 2006",2006,Epidermal growth factor receptor activation in glioblastoma through novel missense mutations in the extracellular domain.
L861Q,L861Q,1020,SUBMITTED,B,PREDICTIVE,SENSITIVITYRESPONSE,Lung Non-small Cell Carcinoma,Osimertinib,"Cho et al., 2020",2020,"Osimertinib for Patients With Non-Small-Cell Lung Cancer Harboring Uncommon EGFR Mutations: A Multicenter, Open-Label, Phase II Trial (KCSG-LU15-09)."
L861Q,L861Q,1020,ACCEPTED,C,PREDICTIVE,SENSITIVITYRESPONSE,Lung Non-small Cell Carcinoma,Gefitinib,"Wu et al., 2011",2011,"Effectiveness of tyrosine kinase inhibitors on ""uncommon"" epidermal growth factor receptor mutations of unknown clinical significance in non-small cell lung cancer."
L861Q,L861Q,1020,SUBMITTED,D,PREDICTIVE,SENSITIVITYRESPONSE,Esophagus Squamous Cell Carcinoma,Afatinib,"Nakamura et al., 2016",2016,Afatinib against Esophageal or Head-and-Neck Squamous Cell Carcinoma: Significance of Activating Oncogenic HER4 Mutations in HNSCC.
T790M,T790M,34,ACCEPTED,B,PREDICTIVE,SENSITIVITYRESPONSE,Lung Non-small Cell Carcinoma,Rociletinib,"Sequist et al., 2015",2015,Rociletinib in EGFR-mutated non-small-cell lung cancer.
T790M,T790M,34,ACCEPTED,B,PREDICTIVE,RESISTANCE,Lung Non-small Cell Carcinoma,Gefitinib,"Kobayashi et al., 2005",2005,EGFR mutation and resistance of non-small-cell lung cancer to gefitinib.
T790M,T790M,34,ACCEPTED,B,PREDICTIVE,RESISTANCE,Lung Non-small Cell Carcinoma,Dacomitinib,"Sequist et al., 2011",2011,Genotypic and histological evolution of lung cancers acquiring resistance to EGFR inhibitors.
T790M,T790M,34,ACCEPTED,A,PREDICTIVE,RESISTANCE,Lung Non-small Cell Carcinoma,Erlotinib,"Denis et al., 2015",2015,EGFR T790M resistance mutation in non small-cell lung carcinoma.
T790M,T790M,34,ACCEPTED,E,PREDICTIVE,SENSITIVITYRESPONSE,Lung Non-small Cell Carcinoma,Staurosporine,"Ai et al., 2014",2014,A systematic profile of clinical inhibitors responsive to EGFR somatic amino acid mutations in lung cancer: implication for the molecular mechanism of drug resistance and sensitivity.
T790M,T790M,34,ACCEPTED,B,PROGNOSTIC,POOR_OUTCOME,Lung Non-small Cell Carcinoma,,"Li et al., 2014",2014,Primary concomitant EGFR T790M mutation predicted worse prognosis in non-small cell lung cancer patients.
T790M,T790M,34,ACCEPTED,D,PREDICTIVE,SENSITIVITYRESPONSE,Lung Non-small Cell Carcinoma,Osimertinib;Rociletinib,"Hirano et al., 2015",2015,In vitro modeling to determine mutation specificity of EGFR tyrosine kinase inhibitors against clinically relevant EGFR mutants in non-small-cell lung cancer.
T790M,T790M,34,ACCEPTED,D,PREDICTIVE,SENSITIVITYRESPONSE,Lung Non-small Cell Carcinoma,Rociletinib,"Walter et al., 2013",2013,Discovery of a mutant-selective covalent inhibitor of EGFR that overcomes T790M-mediated resistance in NSCLC.
T790M,T790M,34,ACCEPTED,A,PREDICTIVE,SENSITIVITYRESPONSE,Lung Non-small Cell Carcinoma,Osimertinib,"Greig, 2016",2016,Osimertinib: First Global Approval.
T790M,T790M,34,ACCEPTED,D,PREDICTIVE,SENSITIVITYRESPONSE,Lung Non-small Cell Carcinoma,Dacomitinib,"Engelman et al., 2007",2007,"PF00299804, an irreversible pan-ERBB inhibitor, is effective in lung cancer models with EGFR and ERBB2 mutations that are resistant to gefitinib."
T790M,T790M,34,SUBMITTED,D,PREDICTIVE,SENSITIVITYRESPONSE,Lung Non-small Cell Carcinoma,Erlotinib,"de Gunst et al., 2007",2007,Functional analysis of cancer-associated EGFR mutants using a cellular assay with YFP-tagged EGFR intracellular domain.
T790M,T790M,34,SUBMITTED,D,PREDICTIVE,RESISTANCE,Lung Non-small Cell Carcinoma,Erlotinib,"Harada et al., 2011",2011,Characterization of epidermal growth factor receptor mutations in non-small-cell lung cancer patients of African-American ancestry.
T790M,T790M,34,SUBMITTED,D,PREDICTIVE,RESISTANCE,Chronic Myeloid Leukemia,Bosutinib,"Remsing Rix et al., 2009",2009,Global target profile of the kinase inhibitor bosutinib in primary chronic myeloid leukemia cells.
T790M,T790M,34,ACCEPTED,D,PREDICTIVE,SENSITIVITYRESPONSE,Lung Non-small Cell Carcinoma,Canertinib,"Li et al., 2008",2008,"BIBW2992, an irreversible EGFR/HER2 inhibitor highly effective in preclinical lung cancer models."
T790M,T790M,34,ACCEPTED,D,PREDICTIVE,SENSITIVITYRESPONSE,Lung Non-small Cell Carcinoma,Afatinib,"Cha et al., 2012",2012,"Antitumor activity of HM781-36B, a highly effective pan-HER inhibitor in erlotinib-resistant NSCLC and other EGFR-dependent cancer models."
T790M,T790M,34,ACCEPTED,B,PREDICTIVE,RESISTANCE,Lung Adenocarcinoma,Erlotinib;Gefitinib,"Yu et al., 2013",2013,Analysis of tumor specimens at the time of acquired resistance to EGFR-TKI therapy in 155 patients with EGFR-mutant lung cancers.
T790M,T790M,34,SUBMITTED,C,PREDICTIVE,RESISTANCE,Lung Adenocarcinoma,Erlotinib,"Balak et al., 2006",2006,Novel D761Y and common secondary T790M mutations in epidermal growth factor receptor-mutant lung adenocarcinomas with acquired resistance to kinase inhibitors.
T790M,T790M,34,SUBMITTED,B,PROGNOSTIC,BETTER_OUTCOME,Cholangiocarcinoma,,"Trachu et al., 2017",2017,Molecular alterations and clinical prognostic factors for cholangiocarcinoma in Thai population.
T790M,T790M,34,SUBMITTED,D,PREDICTIVE,SENSITIVITYRESPONSE,Lung Non-small Cell Carcinoma,Lazertinib,"Oiki et al., 2025",2025,Efficacy of Conventional and Novel Tyrosine Kinase Inhibitors for Uncommon EGFR Mutations-An In Vitro Study.
T790M,T790M,34,ACCEPTED,B,PROGNOSTIC,POOR_OUTCOME,Lung Non-small Cell Carcinoma,,"Ding et al., 2014",2014,The predictive role of pretreatment epidermal growth factor receptor T790M mutation on the progression-free survival of tyrosine-kinase inhibitor-treated non-small cell lung cancer patients: a meta-analysis.
T790M,T790M,34,ACCEPTED,B,PREDICTIVE,SENSITIVITYRESPONSE,Lung Non-small Cell Carcinoma,Osimertinib,"Sequist et al., 2016",2016,Osimertinib Responses After Disease Progression in Patients Who Had Been Receiving Rociletinib.
T790M,T790M,34,ACCEPTED,D,PREDICTIVE,SENSITIVITYRESPONSE,Lung Non-small Cell Carcinoma,Osimertinib,"Cross et al., 2014",2014,"AZD9291, an irreversible EGFR TKI, overcomes T790M-mediated resistance to EGFR inhibitors in lung cancer."
T790M,T790M,34,ACCEPTED,D,PREDICTIVE,RESISTANCE,Lung Cancer,Gefitinib;Multikinase Inhibitor AEE788,"Yun et al., 2008",2008,The T790M mutation in EGFR kinase causes drug resistance by increasing the affinity for ATP.
T790M,T790M,34,ACCEPTED,B,PREDICTIVE,RESISTANCE,Lung Non-small Cell Carcinoma,Afatinib,"Sun et al., 2013",2013,Clinical implications of T790M mutation in patients with acquired resistance to EGFR tyrosine kinase inhibitors.
T790M,T790M,34,ACCEPTED,A,PREDICTIVE,SENSITIVITYRESPONSE,Lung Non-small Cell Carcinoma,Osimertinib,"Mok et al., 2017",2017,Osimertinib or Platinum-Pemetrexed in EGFR T790M-Positive Lung Cancer.
T790M,T790M,34,ACCEPTED,D,PREDICTIVE,RESISTANCE,Lung Non-small Cell Carcinoma,Lapatinib,"Li et al., 2008",2008,"BIBW2992, an irreversible EGFR/HER2 inhibitor highly effective in preclinical lung cancer models."
T790M,T790M,34,ACCEPTED,D,PREDICTIVE,SENSITIVITYRESPONSE,Lung Non-small Cell Carcinoma,Neratinib,"Shimamura et al., 2006",2006,Non-small-cell lung cancer and Ba/F3 transformed cells harboring the ERBB2 G776insV_G/C mutation are sensitive to the dual-specific epidermal growth factor receptor and ERBB2 inhibitor HKI-272.
T790M,T790M,34,ACCEPTED,D,PREDICTIVE,SENSITIVITYRESPONSE,Lung Non-small Cell Carcinoma,Afatinib,"Li et al., 2008",2008,"BIBW2992, an irreversible EGFR/HER2 inhibitor highly effective in preclinical lung cancer models."
T790M,T790M,34,SUBMITTED,C,PREDICTIVE,RESISTANCE,Lung Non-small Cell Carcinoma,Erlotinib,"Pao et al., 2005",2005,Acquired resistance of lung adenocarcinomas to gefitinib or erlotinib is associated with a second mutation in the EGFR kinase domain.
T790M,T790M,34,SUBMITTED,D,PREDICTIVE,RESISTANCE,Lung Non-small Cell Carcinoma,Erlotinib,"Abourbeh et al., 2015",2015,Identifying erlotinib-sensitive non-small cell lung carcinoma tumors in mice using [(11)C]erlotinib PET.
T790M,T790M,34,ACCEPTED,D,PREDICTIVE,RESISTANCE,Cancer,Erlotinib;Gefitinib;Multikinase Inhibitor AEE788,"Kancha et al., 2009",2009,Functional analysis of epidermal growth factor receptor (EGFR) mutations and potential implications for EGFR targeted therapy.
T790M,T790M,34,ACCEPTED,C,PREDICTIVE,SENSITIVITYRESPONSE,Lung Non-small Cell Carcinoma,Erlotinib;Pemetrexed,"Li et al., 2014",2014,Response to pemetrexed rechallenge after acquired resistance of EGFR-TKI in a patient with advanced NSCLC.
T790M,T790M,34,SUBMITTED,D,PREDICTIVE,SENSITIVITYRESPONSE,Lung Non-small Cell Carcinoma,Brigatinib;Cetuximab;Panitumumab,"Uchibori et al., 2017",2017,Brigatinib combined with anti-EGFR antibody overcomes osimertinib resistance in EGFR-mutated non-small-cell lung cancer.
T790M,T790M,34,ACCEPTED,B,PREDICTIVE,SENSITIVITYRESPONSE,Lung Non-small Cell Carcinoma,Osimertinib,"Jänne et al., 2015",2015,AZD9291 in EGFR inhibitor-resistant non-small-cell lung cancer.
T790M,T790M,34,ACCEPTED,C,PREDICTIVE,SENSITIVITYRESPONSE,Pancreatic Adenocarcinoma,Osimertinib,"Cecchini et al., 2017",2017,"EGFR Exon 19 Deletion in Pancreatic Adenocarcinoma Responds to Erlotinib, Followed by T790M-Mediated Resistance."
T790M,T790M,34,ACCEPTED,B,PREDICTIVE,RESISTANCE,Lung Non-small Cell Carcinoma,Erlotinib;Gefitinib,"Belchis et al., 2016",2016,Heterogeneity of resistance mutations detectable by nextgeneration sequencing in TKI-treated lung adenocarcinoma.
T790M,T790M,34,ACCEPTED,C,PREDICTIVE,SENSITIVITYRESPONSE,Lung Adenocarcinoma,Osimertinib,"Planchard et al., 2015",2015,EGFR-independent mechanisms of acquired resistance to AZD9291 in EGFR T790M-positive NSCLC patients.
T790M,T790M,34,SUBMITTED,D,PREDICTIVE,RESISTANCE,Lung Non-small Cell Carcinoma,Mitogen-Activated Protein Kinase Kinase Inhibitor;Naquotinib;Osimertinib,"Ninomiya et al., 2018",2018,MET or NRAS amplification is an acquired resistance mechanism to the third-generation EGFR inhibitor naquotinib.
T790M,T790M,34,ACCEPTED,C,PREDICTIVE,RESISTANCE,Lung Non-small Cell Carcinoma,Erlotinib;Gefitinib,"Pao et al., 2005",2005,Acquired resistance of lung adenocarcinomas to gefitinib or erlotinib is associated with a second mutation in the EGFR kinase domain.
T790M,T790M,34,ACCEPTED,B,PREDICTIVE,RESISTANCE,Lung Non-small Cell Carcinoma,Gefitinib,"Kosaka et al., 2006",2006,Analysis of epidermal growth factor receptor gene mutation in patients with non-small cell lung cancer and acquired resistance to gefitinib.
T790M,T790M,34,SUBMITTED,C,PREDICTIVE,SENSITIVITYRESPONSE,Lung Squamous Cell Carcinoma,Osimertinib,"Maeda et al., 2023",2023,Efficacy of osimertinib for lung squamous cell carcinoma with de novo EGFR T790M-positive: Case report and literature review.
T790M,T790M,34,SUBMITTED,D,ONCOGENIC,ONCOGENICITY,Lung Non-small Cell Carcinoma,,"Vikis et al., 2007",2007,EGFR-T790M is a rare lung cancer susceptibility allele with enhanced kinase activity.
T790M,T790M,34,SUBMITTED,D,ONCOGENIC,ONCOGENICITY,Lung Non-small Cell Carcinoma,,"Mulloy et al., 2007",2007,Epidermal growth factor receptor mutants from human lung cancers exhibit enhanced catalytic activity and increased sensitivity to gefitinib.
T790M,T790M,34,SUBMITTED,D,ONCOGENIC,ONCOGENICITY,Lung Non-small Cell Carcinoma,,"Godin-Heymann et al., 2007",2007,Oncogenic activity of epidermal growth factor receptor kinase mutant alleles is enhanced by the T790M drug resistance mutation.
T790M,T790M,34,SUBMITTED,D,ONCOGENIC,ONCOGENICITY,Lung Non-small Cell Carcinoma,,"Regales et al., 2007",2007,Development of new mouse lung tumor models expressing EGFR T790M mutants associated with clinical resistance to kinase inhibitors.
T790M,T790M,34,SUBMITTED,C,PREDICTIVE,RESISTANCE,Lung Adenocarcinoma,Erlotinib,"Xiang et al., 2023",2023,Presence of MET exon 14 skipping and fusion as mechanism of osimertinb resistance in a lung adenocarcinoma with an EGFR exon 19 deletion that responds to combination of capmatinib and osimertinb: A case report.
C797S,C797S,415,ACCEPTED,B,PREDICTIVE,RESISTANCE,Lung Non-small Cell Carcinoma,Osimertinib,"Thress et al., 2015",2015,Acquired EGFR C797S mutation mediates resistance to AZD9291 in non-small cell lung cancer harboring EGFR T790M.
C797S,C797S,415,SUBMITTED,D,PREDICTIVE,SENSITIVITYRESPONSE,Lung Non-small Cell Carcinoma,Brigatinib;Cetuximab,"Uchibori et al., 2017",2017,Brigatinib combined with anti-EGFR antibody overcomes osimertinib resistance in EGFR-mutated non-small-cell lung cancer.
C797S,C797S,415,SUBMITTED,D,PREDICTIVE,SENSITIVITYRESPONSE,Cancer,Erlotinib,"Starrett et al., 2020",2020,Drug Sensitivity and Allele Specificity of First-Line Osimertinib Resistance EGFR Mutations.
C797S,C797S,415,SUBMITTED,D,PREDICTIVE,SENSITIVITYRESPONSE,Lung Non-small Cell Carcinoma,Brigatinib;Cetuximab;Panitumumab,"Uchibori et al., 2017",2017,Brigatinib combined with anti-EGFR antibody overcomes osimertinib resistance in EGFR-mutated non-small-cell lung cancer.
C797S,C797S,415,SUBMITTED,D,PREDICTIVE,SENSITIVITYRESPONSE,Lung Adenocarcinoma,Erlotinib;Osimertinib,"Starrett et al., 2020",2020,Drug Sensitivity and Allele Specificity of First-Line Osimertinib Resistance EGFR Mutations.
C797S,C797S,415,SUBMITTED,D,PREDICTIVE,SENSITIVITYRESPONSE,Cancer,Afatinib,"Starrett et al., 2020",2020,Drug Sensitivity and Allele Specificity of First-Line Osimertinib Resistance EGFR Mutations.
C797S,C797S,415,SUBMITTED,D,PREDICTIVE,RESISTANCE,Lung Adenocarcinoma,Osimertinib,"Starrett et al., 2020",2020,Drug Sensitivity and Allele Specificity of First-Line Osimertinib Resistance EGFR Mutations.
L718Q,L718Q,2999,SUBMITTED,D,PREDICTIVE,SENSITIVITYRESPONSE,Cancer,Afatinib,"Starrett et al., 2020",2020,Drug Sensitivity and Allele Specificity of First-Line Osimertinib Resistance EGFR Mutations.
L718Q,L718Q,2999,SUBMITTED,D,PREDICTIVE,RESISTANCE,Cancer,Erlotinib,"Starrett et al., 2020",2020,Drug Sensitivity and Allele Specificity of First-Line Osimertinib Resistance EGFR Mutations.
L718Q,L718Q,2999,SUBMITTED,D,PREDICTIVE,SENSITIVITYRESPONSE,Lung Adenocarcinoma,Erlotinib;Osimertinib,"Starrett et al., 2020",2020,Drug Sensitivity and Allele Specificity of First-Line Osimertinib Resistance EGFR Mutations.
L718Q,L718Q,2999,SUBMITTED,D,PREDICTIVE,RESISTANCE,Lung Adenocarcinoma,Osimertinib,"Starrett et al., 2020",2020,Drug Sensitivity and Allele Specificity of First-Line Osimertinib Resistance EGFR Mutations.
