lock_id,locked_at,source_study,source_url_or_id,mutation_bucket,drug,line_setting,n,orr_percent,orr_ci,pfs_months,pfs_ci,ttf_months,ttf_ci,dor_months,dor_ci,evidence_level,endpoint_type,data_lock_status,notes
LUX_001,2026-06-15,LUX-Lung 2/3/6 post-hoc pooled analysis,local_pdf:data/raw/literature_pdfs/lux_lung_2_3_6_afatinib_uncommon_egfr_posthoc.pdf; DOI:10.1016/S1470-2045(15)00026-1,G719X,afatinib,EGFR TKI-naive advanced NSCLC,18,77.8,95% CI 52.4-93.6,13.8,95% CI 6.8-NE,,,,,B,mutation_drug_orr_pfs,locked_uploaded_pdf,"Primary LUX-Lung 2/3/6 PDF Table 3: G719X overlapping category; includes compound mutations; ORR 14/18, mPFS 13.8 months, median OS 26.9 months."
LUX_002,2026-06-15,LUX-Lung 2/3/6 post-hoc pooled analysis,local_pdf:data/raw/literature_pdfs/lux_lung_2_3_6_afatinib_uncommon_egfr_posthoc.pdf; DOI:10.1016/S1470-2045(15)00026-1,L861Q,afatinib,EGFR TKI-naive advanced NSCLC,16,56.3,95% CI 29.9-80.2,8.2,95% CI 4.5-16.6,,,,,B,mutation_drug_orr_pfs,locked_uploaded_pdf,"Primary LUX-Lung 2/3/6 PDF Table 3: L861Q overlapping category; includes compound mutations; ORR 9/16, mPFS 8.2 months, median OS 17.1 months."
LUX_003,2026-06-15,LUX-Lung 2/3/6 post-hoc pooled analysis,local_pdf:data/raw/literature_pdfs/lux_lung_2_3_6_afatinib_uncommon_egfr_posthoc.pdf; DOI:10.1016/S1470-2045(15)00026-1,S768I,afatinib,EGFR TKI-naive advanced NSCLC,8,100.0,95% CI 63.1-100.0,14.7,95% CI 2.6-NE,,,,,B,mutation_drug_orr_pfs,locked_uploaded_pdf,"Primary LUX-Lung 2/3/6 PDF Table 3: S768I overlapping category; includes compound mutations; ORR 8/8, mPFS 14.7 months, median OS not estimable."
LUX_004,2026-06-15,LUX-Lung 2/3/6 post-hoc pooled analysis,local_pdf:data/raw/literature_pdfs/lux_lung_2_3_6_afatinib_uncommon_egfr_posthoc.pdf; DOI:10.1016/S1470-2045(15)00026-1,major_uncommon,afatinib,EGFR TKI-naive advanced NSCLC,38,71.1,95% CI 54.1-84.6,10.7,95% CI 5.6-14.7,,,11.1,95% CI 4.1-15.2,B,group_drug_orr_pfs,locked_uploaded_pdf,"Primary LUX-Lung 2/3/6 PDF Table 2 Group 1: point mutations/duplications in exons 18-21; ORR 27/38, DCR 84.2%, mPFS 10.7 months, mOS 19.4 months."
AFATINIB_DB_001,2026-06-15,Afatinib uncommon mutation updated database,https://repository.icr.ac.uk/server/api/core/bitstreams/dd8286d2-75f1-4a2f-aed3-c376d339cd63/content,major_uncommon,afatinib,EGFR TKI-naive uncommon EGFR NSCLC,315,60.0,,,,10.8,8.1-16.6,17.1,,B,group_drug_orr_ttf,locked_public_pdf,Updated afatinib uncommon mutation database; major uncommon includes G719X/L861Q/S768I.
AFATINIB_DB_002,2026-06-15,Afatinib uncommon mutation updated database,https://repository.icr.ac.uk/server/api/core/bitstreams/dd8286d2-75f1-4a2f-aed3-c376d339cd63/content,G719X,afatinib,EGFR TKI-naive uncommon EGFR NSCLC,,63.4,,,,14.7,,,,B,mutation_drug_orr_ttf,locked_public_pdf,Corrected column alignment from prior table; updated database reports G719X ORR 63.4% and median TTF 14.7 months.
AFATINIB_DB_003,2026-06-15,Afatinib uncommon mutation updated database,https://repository.icr.ac.uk/server/api/core/bitstreams/dd8286d2-75f1-4a2f-aed3-c376d339cd63/content,L861Q,afatinib,EGFR TKI-naive uncommon EGFR NSCLC,,59.6,,,,10.0,,,,B,mutation_drug_orr_ttf,locked_public_pdf,Corrected column alignment from prior table; updated database reports L861Q ORR 59.6% and median TTF 10.0 months.
AFATINIB_DB_004,2026-06-15,Afatinib uncommon mutation updated database,https://repository.icr.ac.uk/server/api/core/bitstreams/dd8286d2-75f1-4a2f-aed3-c376d339cd63/content,S768I,afatinib,EGFR TKI-naive uncommon EGFR NSCLC,,62.5,,,,15.6,,,,B,mutation_drug_orr_ttf,locked_public_pdf,Corrected column alignment from prior table; updated database reports S768I ORR 62.5% and median TTF 15.6 months.
AFATINIB_DB_005,2026-06-15,Afatinib uncommon mutation updated database,https://repository.icr.ac.uk/server/api/core/bitstreams/dd8286d2-75f1-4a2f-aed3-c376d339cd63/content,compound_uncommon,afatinib,EGFR TKI-naive uncommon EGFR NSCLC,,77.1,,,,14.7,,,,B,compound_drug_orr_ttf,locked_public_pdf,Corrected column alignment from prior table; updated database reports compound uncommon ORR 77.1% and median TTF 14.7 months.
ROBICHAUX_001,2026-06-15,Robichaux 2021 Nature structure-function EGFR classification,local_pdf:data/raw/literature_pdfs/robichaux_2021_nature_s41586-021-03898-1.pdf; Nature 2021 s41586-021-03898-1,PACC,second_generation_TKI,atypical EGFR NSCLC retrospective structure-class TTF analysis,25,,,,,21.7,,,,A-,structure_class_ttf,locked_uploaded_pdf,PACC mutations treated with second-generation TKIs had mTTF 21.7 months; second-generation better than first- and third-generation in PACC.
ROBICHAUX_002,2026-06-15,Robichaux 2021 Nature structure-function EGFR classification,local_pdf:data/raw/literature_pdfs/robichaux_2021_nature_s41586-021-03898-1.pdf; Nature 2021 s41586-021-03898-1,PACC,first_generation_TKI,atypical EGFR NSCLC retrospective structure-class TTF analysis,17,,,,,10.0,,,,B,structure_class_ttf,locked_uploaded_pdf,PACC first-generation TKI comparator mTTF 10.0 months.
ROBICHAUX_003,2026-06-15,Robichaux 2021 Nature structure-function EGFR classification,local_pdf:data/raw/literature_pdfs/robichaux_2021_nature_s41586-021-03898-1.pdf; Nature 2021 s41586-021-03898-1,PACC,third_generation_TKI,atypical EGFR NSCLC retrospective structure-class TTF analysis,11,,,,,4.1,,,,B,structure_class_ttf,locked_uploaded_pdf,PACC third-generation TKI comparator mTTF 4.1 months; supports caution with osimertinib in PACC-like mutations.
ROBICHAUX_004,2026-06-15,Robichaux 2021 Nature structure-function EGFR classification,local_pdf:data/raw/literature_pdfs/robichaux_2021_nature_s41586-021-03898-1.pdf; Nature 2021 s41586-021-03898-1,PACC,afatinib,uncommon EGFR database structure-class DOT analysis,156,,,,,17.1,,,,B,structure_class_dot,locked_uploaded_pdf,PACC mutations in afatinib-treated uncommon EGFR database had median duration of treatment 17.1 months.
ROBICHAUX_005,2026-06-15,Robichaux 2021 Nature structure-function EGFR classification,local_pdf:data/raw/literature_pdfs/robichaux_2021_nature_s41586-021-03898-1.pdf; Nature 2021 s41586-021-03898-1,classical_like_or_PACC,afatinib,uncommon EGFR database structure-class ORR analysis,,63.0,,,,,,,,B,structure_class_orr,locked_uploaded_pdf,"Sensitive structure-function groups, classical-like plus PACC, had ORR 63% versus 20% for resistant groups."
UNICORN_001,2026-06-15,UNICORN phase 2 first-line osimertinib uncommon EGFR,local_pdf:data/raw/literature_pdfs/unicorn_osimertinib_uncommon_egfr.pdf; JAMA Oncology UNICORN phase 2,uncommon_non_ex20ins,osimertinib,first-line metastatic NSCLC uncommon EGFR excluding ex20ins,40,55.0,90% CI 40.9-68.5; 95% CI 38.5-70.7,9.4,95% CI 3.7-15.2,9.5,95% CI 5.6-30.3,22.7,95% CI 9.5-NR,B,group_drug_orr_pfs_ttf,locked_uploaded_pdf,Overall UNICORN full analysis set; DCR 90.0%.
UNICORN_002,2026-06-15,UNICORN phase 2 first-line osimertinib uncommon EGFR,local_pdf:data/raw/literature_pdfs/unicorn_osimertinib_uncommon_egfr.pdf; JAMA Oncology UNICORN phase 2,solitary_uncommon,osimertinib,first-line metastatic NSCLC uncommon EGFR excluding ex20ins,22,45.5,90% CI 26.9-65.3,5.4,95% CI 3.6-22.7,,,22.7,95% CI 3.6-22.7,B,group_drug_orr_pfs,locked_uploaded_pdf,Solitary uncommon subgroup.
UNICORN_003,2026-06-15,UNICORN phase 2 first-line osimertinib uncommon EGFR,local_pdf:data/raw/literature_pdfs/unicorn_osimertinib_uncommon_egfr.pdf; JAMA Oncology UNICORN phase 2,compound_uncommon,osimertinib,first-line metastatic NSCLC uncommon EGFR excluding ex20ins,18,66.7,90% CI 43.7-83.7,9.8,95% CI 5.1-NR,,,NR,95% CI 5.7-NR,B,compound_drug_orr_pfs,locked_uploaded_pdf,Compound uncommon subgroup.
UNICORN_004,2026-06-15,UNICORN phase 2 first-line osimertinib uncommon EGFR,local_pdf:data/raw/literature_pdfs/unicorn_osimertinib_uncommon_egfr.pdf; JAMA Oncology UNICORN phase 2,uncommon_plus_uncommon,osimertinib,first-line metastatic NSCLC uncommon EGFR excluding ex20ins,11,54.5,90% CI 28.0-78.7,9.7,95% CI 3.7-NR,,,NR,95% CI 5.6-22.7,B,compound_subgroup_orr_pfs,locked_uploaded_pdf,Uncommon plus uncommon compound subgroup.
UNICORN_005,2026-06-15,UNICORN phase 2 first-line osimertinib uncommon EGFR,local_pdf:data/raw/literature_pdfs/unicorn_osimertinib_uncommon_egfr.pdf; JAMA Oncology UNICORN phase 2,common_plus_uncommon,osimertinib,first-line metastatic NSCLC uncommon EGFR excluding ex20ins,7,85.7,90% CI 54.8-96.7,15.2,95% CI 2.9-NR,,,NR,95% CI 5.8-NR,B,compound_subgroup_orr_pfs,locked_uploaded_pdf,Common plus uncommon compound subgroup.
UNICORN_006,2026-06-15,UNICORN phase 2 first-line osimertinib uncommon EGFR,local_pdf:data/raw/literature_pdfs/unicorn_osimertinib_uncommon_egfr.pdf; JAMA Oncology UNICORN phase 2,L861Q,osimertinib,first-line metastatic NSCLC uncommon EGFR excluding ex20ins,8,75.0,90% CI 46.0-91.3,22.7,95% CI 5.1-22.7,,,22.7,95% CI 9.4-22.7,B,mutation_drug_orr_pfs,locked_uploaded_pdf,Mutation-specific outcomes from article text/eTable summary.
UNICORN_007,2026-06-15,UNICORN phase 2 first-line osimertinib uncommon EGFR,local_pdf:data/raw/literature_pdfs/unicorn_osimertinib_uncommon_egfr.pdf; JAMA Oncology UNICORN phase 2,G719X,osimertinib,first-line metastatic NSCLC uncommon EGFR excluding ex20ins,20,45.0,90% CI 25.8-65.8,5.1,95% CI 3.0-9.7,,,9.7,95% CI 3.7-9.3,B,mutation_drug_orr_pfs,locked_uploaded_pdf,"G719X includes solitary and compound; solitary G719X ORR 30.0%, mPFS 3.6 months."
UNICORN_008,2026-06-15,UNICORN phase 2 first-line osimertinib uncommon EGFR,local_pdf:data/raw/literature_pdfs/unicorn_osimertinib_uncommon_egfr.pdf; JAMA Oncology UNICORN phase 2,S768I,osimertinib,first-line metastatic NSCLC uncommon EGFR excluding ex20ins,10,50.0,90% CI 23.7-76.3,9.4,95% CI 3.7-15.2,,,NR,95% CI 11.0-NR,B,mutation_drug_orr_pfs,locked_uploaded_pdf,Mutation-specific outcomes from article text/eTable summary.
UNICORN_009,2026-06-15,UNICORN phase 2 first-line osimertinib uncommon EGFR,local_pdf:data/raw/literature_pdfs/unicorn_osimertinib_uncommon_egfr.pdf; JAMA Oncology UNICORN phase 2,E709X,osimertinib,first-line metastatic NSCLC uncommon EGFR excluding ex20ins,6,83.3,90% CI 43.6-97.0,,,,,,,B-,mutation_drug_orr_partial,locked_uploaded_pdf,Article text reports E709X ORR; PFS not available in accessible main text.
UNICORN_010,2026-06-15,UNICORN phase 2 first-line osimertinib uncommon EGFR,local_pdf:data/raw/literature_pdfs/unicorn_osimertinib_uncommon_egfr.pdf; JAMA Oncology UNICORN phase 2,brain_metastasis_uncommon,osimertinib,first-line metastatic NSCLC uncommon EGFR with baseline brain metastases,10,,,4.5,95% CI 1.6-9.8,,,,,C,cns_subgroup_pfs,locked_uploaded_pdf,"Brain metastasis subgroup had shorter mPFS 4.5 months; intracranial ORR 100% in 2 evaluable target-lesion patients, too small for quantitative prior."
ACHILLES_001,2026-06-15,ACHILLES/TORG1834 randomized afatinib vs chemotherapy,local_pdf:data/raw/literature_pdfs/pragmatic_afatinib_vs_chemotherapy_nsclc.pdf; ACHILLES/TORG1834 JCO 2025,sensitizing_uncommon_non_ex20ins_non_T790M,afatinib,first-line nonsquamous NSCLC uncommon activating EGFR excluding ex20ins/T790M,73,61.4,95% CI 49.0-72.8,10.6,95% CI 8.2-12.8,,,,,A-,randomized_group_drug_orr_pfs,locked_uploaded_pdf,"Afatinib arm; randomized comparator chemotherapy mPFS 5.7 months; HR 0.421, P=.0010."
ACHILLES_002,2026-06-15,ACHILLES/TORG1834 randomized afatinib vs chemotherapy,local_pdf:data/raw/literature_pdfs/pragmatic_afatinib_vs_chemotherapy_nsclc.pdf; ACHILLES/TORG1834 JCO 2025,sensitizing_uncommon_non_ex20ins_non_T790M,platinum_pemetrexed,first-line nonsquamous NSCLC uncommon activating EGFR excluding ex20ins/T790M,36,47.1,95% CI 29.8-64.9,5.7,95% CI 4.2-7.2,,,,,A-,randomized_comparator_orr_pfs,locked_uploaded_pdf,Chemotherapy comparator arm for calibration only; not an EGFR TKI prior.
ACHILLES_003,2026-06-15,ACHILLES/TORG1834 randomized afatinib vs chemotherapy,local_pdf:data/raw/literature_pdfs/pragmatic_afatinib_vs_chemotherapy_nsclc.pdf; ACHILLES/TORG1834 JCO 2025,major_uncommon,afatinib,first-line nonsquamous NSCLC uncommon activating EGFR,43,55.8,95% CI 39.9-70.9,9.5,reported range 7.2-11.3,,,,,A-,group_drug_orr_pfs,locked_uploaded_pdf,Major uncommon includes G719X/L861Q/S768I; mPFS for major uncommon category from article text.
ACHILLES_004,2026-06-15,ACHILLES/TORG1834 randomized afatinib vs chemotherapy,local_pdf:data/raw/literature_pdfs/pragmatic_afatinib_vs_chemotherapy_nsclc.pdf; ACHILLES/TORG1834 JCO 2025,G719X,afatinib,first-line nonsquamous NSCLC uncommon activating EGFR,27,66.7,95% CI 46.0-83.5,,,,,,,A-,mutation_drug_orr_partial,locked_uploaded_pdf,Specific uncommon mutation ORR from Table 2.
ACHILLES_005,2026-06-15,ACHILLES/TORG1834 randomized afatinib vs chemotherapy,local_pdf:data/raw/literature_pdfs/pragmatic_afatinib_vs_chemotherapy_nsclc.pdf; ACHILLES/TORG1834 JCO 2025,L861Q,afatinib,first-line nonsquamous NSCLC uncommon activating EGFR,13,46.2,95% CI 19.2-74.9,,,,,,,A-,mutation_drug_orr_partial,locked_uploaded_pdf,Specific uncommon mutation ORR from Table 2.
ACHILLES_006,2026-06-15,ACHILLES/TORG1834 randomized afatinib vs chemotherapy,local_pdf:data/raw/literature_pdfs/pragmatic_afatinib_vs_chemotherapy_nsclc.pdf; ACHILLES/TORG1834 JCO 2025,S768I,afatinib,first-line nonsquamous NSCLC uncommon activating EGFR,3,0.0,95% CI 0-70.8,,,,,,,B,mutation_drug_orr_partial,locked_uploaded_pdf,Single S768I subgroup was very small; no objective responses in 3 patients.
ACHILLES_007,2026-06-15,ACHILLES/TORG1834 randomized afatinib vs chemotherapy,local_pdf:data/raw/literature_pdfs/pragmatic_afatinib_vs_chemotherapy_nsclc.pdf; ACHILLES/TORG1834 JCO 2025,compound_uncommon,afatinib,first-line nonsquamous NSCLC uncommon activating EGFR,22,72.7,95% CI 49.8-89.3,21.0,reported range 8.8-31.8,,,,,A-,compound_drug_orr_pfs,locked_uploaded_pdf,Compound mutation subgroup; article text reports mPFS 21.0 months for compound category.
ACHILLES_008,2026-06-15,ACHILLES/TORG1834 randomized afatinib vs chemotherapy,local_pdf:data/raw/literature_pdfs/pragmatic_afatinib_vs_chemotherapy_nsclc.pdf; ACHILLES/TORG1834 JCO 2025,common_plus_uncommon,afatinib,first-line nonsquamous NSCLC uncommon activating EGFR,5,100.0,95% CI 47.8-100,21.0,reported in discussion for common+uncommon subgroup,,,,,B,compound_subgroup_orr_pfs,locked_uploaded_pdf,Common/uncommon compound subgroup; discussion reports mPFS 21.0 months.
ACHILLES_009,2026-06-15,ACHILLES/TORG1834 randomized afatinib vs chemotherapy,local_pdf:data/raw/literature_pdfs/pragmatic_afatinib_vs_chemotherapy_nsclc.pdf; ACHILLES/TORG1834 JCO 2025,uncommon_plus_uncommon,afatinib,first-line nonsquamous NSCLC uncommon activating EGFR,17,64.7,95% CI 38.3-85.8,18.0,reported in discussion for no common mutation compound subgroup,,,,,B,compound_subgroup_orr_pfs,locked_uploaded_pdf,Uncommon/uncommon compound subgroup; discussion reports mPFS 18.0 months for compound without common mutations.
ACHILLES_010,2026-06-15,ACHILLES/TORG1834 randomized afatinib vs chemotherapy,local_pdf:data/raw/literature_pdfs/pragmatic_afatinib_vs_chemotherapy_nsclc.pdf; ACHILLES/TORG1834 JCO 2025,other_uncommon,afatinib,first-line nonsquamous NSCLC uncommon activating EGFR,5,60.0,95% CI 14.7-94.7,8.0,reported range 6.1-NE,,,,,B,group_drug_orr_pfs,locked_uploaded_pdf,Other uncommon includes E709-T710delinsD and exon 19 insertion.
