fold_id,heldout_lock_id,mutation_bucket,primary_class,class_group,compound_group,heldout_drug_raw,heldout_target_drugs,known_orr_percent,orr_evaluable,method,target_rank,top1_hit,top1_drugs,candidate_count,is_metric_fold,ablation_use_oncokb,ablation_exact_floor,ablation_config_fallback,ablation_pacc_only
1,LUX_001,G719X,pacc,PACC,single_or_specific,afatinib,afatinib,77.8,True,model,1,True,afatinib,12,True,True,True,True,False
1,LUX_001,G719X,pacc,PACC,single_or_specific,afatinib,afatinib,77.8,True,baseline_0,1,True,afatinib,12,True,True,True,True,False
1,LUX_001,G719X,pacc,PACC,single_or_specific,afatinib,afatinib,77.8,True,baseline_1,1,True,afatinib,12,True,True,True,True,False
2,LUX_002,L861Q,classical_like,non_PACC,single_or_specific,afatinib,afatinib,56.3,True,model,5,False,osimertinib,12,True,True,True,True,False
2,LUX_002,L861Q,classical_like,non_PACC,single_or_specific,afatinib,afatinib,56.3,True,baseline_0,2,False,osimertinib,12,True,True,True,True,False
2,LUX_002,L861Q,classical_like,non_PACC,single_or_specific,afatinib,afatinib,56.3,True,baseline_1,2,False,osimertinib,12,True,True,True,True,False
3,LUX_003,S768I,pacc,PACC,single_or_specific,afatinib,afatinib,100.0,True,model,1,True,afatinib,12,True,True,True,True,False
3,LUX_003,S768I,pacc,PACC,single_or_specific,afatinib,afatinib,100.0,True,baseline_0,1,True,afatinib,12,True,True,True,True,False
3,LUX_003,S768I,pacc,PACC,single_or_specific,afatinib,afatinib,100.0,True,baseline_1,1,True,afatinib,12,True,True,True,True,False
4,LUX_004,major_uncommon,pacc,PACC,compound_or_group,afatinib,afatinib,71.1,True,model,1,True,afatinib,12,True,True,True,True,False
4,LUX_004,major_uncommon,pacc,PACC,compound_or_group,afatinib,afatinib,71.1,True,baseline_0,1,True,afatinib,12,True,True,True,True,False
4,LUX_004,major_uncommon,pacc,PACC,compound_or_group,afatinib,afatinib,71.1,True,baseline_1,1,True,afatinib,12,True,True,True,True,False
5,AFATINIB_DB_001,major_uncommon,pacc,PACC,compound_or_group,afatinib,afatinib,60.0,True,model,1,True,afatinib,12,True,True,True,True,False
5,AFATINIB_DB_001,major_uncommon,pacc,PACC,compound_or_group,afatinib,afatinib,60.0,True,baseline_0,1,True,afatinib,12,True,True,True,True,False
5,AFATINIB_DB_001,major_uncommon,pacc,PACC,compound_or_group,afatinib,afatinib,60.0,True,baseline_1,1,True,afatinib,12,True,True,True,True,False
6,AFATINIB_DB_002,G719X,pacc,PACC,single_or_specific,afatinib,afatinib,63.4,True,model,1,True,afatinib,12,True,True,True,True,False
6,AFATINIB_DB_002,G719X,pacc,PACC,single_or_specific,afatinib,afatinib,63.4,True,baseline_0,1,True,afatinib,12,True,True,True,True,False
6,AFATINIB_DB_002,G719X,pacc,PACC,single_or_specific,afatinib,afatinib,63.4,True,baseline_1,1,True,afatinib,12,True,True,True,True,False
7,AFATINIB_DB_003,L861Q,classical_like,non_PACC,single_or_specific,afatinib,afatinib,59.6,True,model,5,False,osimertinib,12,True,True,True,True,False
7,AFATINIB_DB_003,L861Q,classical_like,non_PACC,single_or_specific,afatinib,afatinib,59.6,True,baseline_0,2,False,osimertinib,12,True,True,True,True,False
7,AFATINIB_DB_003,L861Q,classical_like,non_PACC,single_or_specific,afatinib,afatinib,59.6,True,baseline_1,2,False,osimertinib,12,True,True,True,True,False
8,AFATINIB_DB_004,S768I,pacc,PACC,single_or_specific,afatinib,afatinib,62.5,True,model,1,True,afatinib,12,True,True,True,True,False
8,AFATINIB_DB_004,S768I,pacc,PACC,single_or_specific,afatinib,afatinib,62.5,True,baseline_0,1,True,afatinib,12,True,True,True,True,False
8,AFATINIB_DB_004,S768I,pacc,PACC,single_or_specific,afatinib,afatinib,62.5,True,baseline_1,1,True,afatinib,12,True,True,True,True,False
9,AFATINIB_DB_005,compound_uncommon,pacc,PACC,compound_or_group,afatinib,afatinib,77.1,True,model,1,True,afatinib,12,True,True,True,True,False
9,AFATINIB_DB_005,compound_uncommon,pacc,PACC,compound_or_group,afatinib,afatinib,77.1,True,baseline_0,1,True,afatinib,12,True,True,True,True,False
9,AFATINIB_DB_005,compound_uncommon,pacc,PACC,compound_or_group,afatinib,afatinib,77.1,True,baseline_1,1,True,afatinib,12,True,True,True,True,False
10,ROBICHAUX_001,PACC,pacc,PACC,single_or_specific,second_generation_TKI,afatinib;dacomitinib,,False,model,1,True,afatinib,12,False,True,True,True,False
10,ROBICHAUX_001,PACC,pacc,PACC,single_or_specific,second_generation_TKI,afatinib;dacomitinib,,False,baseline_0,1,True,afatinib,12,False,True,True,True,False
10,ROBICHAUX_001,PACC,pacc,PACC,single_or_specific,second_generation_TKI,afatinib;dacomitinib,,False,baseline_1,1,True,afatinib,12,False,True,True,True,False
11,ROBICHAUX_002,PACC,pacc,PACC,single_or_specific,first_generation_TKI,gefitinib;erlotinib,,False,model,7,False,afatinib,12,False,True,True,True,False
11,ROBICHAUX_002,PACC,pacc,PACC,single_or_specific,first_generation_TKI,gefitinib;erlotinib,,False,baseline_0,3,False,afatinib,12,False,True,True,True,False
11,ROBICHAUX_002,PACC,pacc,PACC,single_or_specific,first_generation_TKI,gefitinib;erlotinib,,False,baseline_1,3,False,afatinib,12,False,True,True,True,False
12,ROBICHAUX_003,PACC,pacc,PACC,single_or_specific,third_generation_TKI,osimertinib;furmonertinib;lazertinib;aumolertinib,,False,model,3,False,afatinib,12,False,True,True,True,False
12,ROBICHAUX_003,PACC,pacc,PACC,single_or_specific,third_generation_TKI,osimertinib;furmonertinib;lazertinib;aumolertinib,,False,baseline_0,3,False,afatinib,12,False,True,True,True,False
12,ROBICHAUX_003,PACC,pacc,PACC,single_or_specific,third_generation_TKI,osimertinib;furmonertinib;lazertinib;aumolertinib,,False,baseline_1,3,False,afatinib,12,False,True,True,True,False
13,ROBICHAUX_004,PACC,pacc,PACC,single_or_specific,afatinib,afatinib,,False,model,1,True,afatinib,12,False,True,True,True,False
13,ROBICHAUX_004,PACC,pacc,PACC,single_or_specific,afatinib,afatinib,,False,baseline_0,1,True,afatinib,12,False,True,True,True,False
13,ROBICHAUX_004,PACC,pacc,PACC,single_or_specific,afatinib,afatinib,,False,baseline_1,1,True,afatinib,12,False,True,True,True,False
14,ROBICHAUX_005,classical_like_or_PACC,pacc,PACC,compound_or_group,afatinib,afatinib,63.0,True,model,1,True,afatinib,12,True,True,True,True,False
14,ROBICHAUX_005,classical_like_or_PACC,pacc,PACC,compound_or_group,afatinib,afatinib,63.0,True,baseline_0,1,True,afatinib,12,True,True,True,True,False
14,ROBICHAUX_005,classical_like_or_PACC,pacc,PACC,compound_or_group,afatinib,afatinib,63.0,True,baseline_1,1,True,afatinib,12,True,True,True,True,False
15,UNICORN_001,uncommon_non_ex20ins,pacc,PACC,compound_or_group,osimertinib,osimertinib,55.0,True,model,3,False,afatinib,12,True,True,True,True,False
15,UNICORN_001,uncommon_non_ex20ins,pacc,PACC,compound_or_group,osimertinib,osimertinib,55.0,True,baseline_0,3,False,afatinib,12,True,True,True,True,False
15,UNICORN_001,uncommon_non_ex20ins,pacc,PACC,compound_or_group,osimertinib,osimertinib,55.0,True,baseline_1,3,False,afatinib,12,True,True,True,True,False
16,UNICORN_002,solitary_uncommon,pacc,PACC,single_or_specific,osimertinib,osimertinib,45.5,True,model,3,False,afatinib,12,True,True,True,True,False
16,UNICORN_002,solitary_uncommon,pacc,PACC,single_or_specific,osimertinib,osimertinib,45.5,True,baseline_0,3,False,afatinib,12,True,True,True,True,False
16,UNICORN_002,solitary_uncommon,pacc,PACC,single_or_specific,osimertinib,osimertinib,45.5,True,baseline_1,3,False,afatinib,12,True,True,True,True,False
17,UNICORN_003,compound_uncommon,pacc,PACC,compound_or_group,osimertinib,osimertinib,66.7,True,model,3,False,afatinib,12,True,True,True,True,False
17,UNICORN_003,compound_uncommon,pacc,PACC,compound_or_group,osimertinib,osimertinib,66.7,True,baseline_0,3,False,afatinib,12,True,True,True,True,False
17,UNICORN_003,compound_uncommon,pacc,PACC,compound_or_group,osimertinib,osimertinib,66.7,True,baseline_1,3,False,afatinib,12,True,True,True,True,False
18,UNICORN_004,uncommon_plus_uncommon,pacc,PACC,compound_or_group,osimertinib,osimertinib,54.5,True,model,3,False,afatinib,12,True,True,True,True,False
18,UNICORN_004,uncommon_plus_uncommon,pacc,PACC,compound_or_group,osimertinib,osimertinib,54.5,True,baseline_0,3,False,afatinib,12,True,True,True,True,False
18,UNICORN_004,uncommon_plus_uncommon,pacc,PACC,compound_or_group,osimertinib,osimertinib,54.5,True,baseline_1,3,False,afatinib,12,True,True,True,True,False
19,UNICORN_005,common_plus_uncommon,pacc,PACC,compound_or_group,osimertinib,osimertinib,85.7,True,model,3,False,afatinib,12,True,True,True,True,False
19,UNICORN_005,common_plus_uncommon,pacc,PACC,compound_or_group,osimertinib,osimertinib,85.7,True,baseline_0,3,False,afatinib,12,True,True,True,True,False
19,UNICORN_005,common_plus_uncommon,pacc,PACC,compound_or_group,osimertinib,osimertinib,85.7,True,baseline_1,3,False,afatinib,12,True,True,True,True,False
20,UNICORN_006,L861Q,classical_like,non_PACC,single_or_specific,osimertinib,osimertinib,75.0,True,model,1,True,osimertinib,12,True,True,True,True,False
20,UNICORN_006,L861Q,classical_like,non_PACC,single_or_specific,osimertinib,osimertinib,75.0,True,baseline_0,1,True,osimertinib,12,True,True,True,True,False
20,UNICORN_006,L861Q,classical_like,non_PACC,single_or_specific,osimertinib,osimertinib,75.0,True,baseline_1,1,True,osimertinib,12,True,True,True,True,False
21,UNICORN_007,G719X,pacc,PACC,single_or_specific,osimertinib,osimertinib,45.0,True,model,3,False,afatinib,12,True,True,True,True,False
21,UNICORN_007,G719X,pacc,PACC,single_or_specific,osimertinib,osimertinib,45.0,True,baseline_0,3,False,afatinib,12,True,True,True,True,False
21,UNICORN_007,G719X,pacc,PACC,single_or_specific,osimertinib,osimertinib,45.0,True,baseline_1,3,False,afatinib,12,True,True,True,True,False
22,UNICORN_008,S768I,pacc,PACC,single_or_specific,osimertinib,osimertinib,50.0,True,model,3,False,afatinib,12,True,True,True,True,False
22,UNICORN_008,S768I,pacc,PACC,single_or_specific,osimertinib,osimertinib,50.0,True,baseline_0,3,False,afatinib,12,True,True,True,True,False
22,UNICORN_008,S768I,pacc,PACC,single_or_specific,osimertinib,osimertinib,50.0,True,baseline_1,3,False,afatinib,12,True,True,True,True,False
23,UNICORN_009,E709X,pacc,PACC,single_or_specific,osimertinib,osimertinib,83.3,True,model,3,False,afatinib,12,True,True,True,True,False
23,UNICORN_009,E709X,pacc,PACC,single_or_specific,osimertinib,osimertinib,83.3,True,baseline_0,3,False,afatinib,12,True,True,True,True,False
23,UNICORN_009,E709X,pacc,PACC,single_or_specific,osimertinib,osimertinib,83.3,True,baseline_1,3,False,afatinib,12,True,True,True,True,False
24,UNICORN_010,brain_metastasis_uncommon,pacc,PACC,single_or_specific,osimertinib,osimertinib,,False,model,3,False,afatinib,12,False,True,True,True,False
24,UNICORN_010,brain_metastasis_uncommon,pacc,PACC,single_or_specific,osimertinib,osimertinib,,False,baseline_0,3,False,afatinib,12,False,True,True,True,False
24,UNICORN_010,brain_metastasis_uncommon,pacc,PACC,single_or_specific,osimertinib,osimertinib,,False,baseline_1,3,False,afatinib,12,False,True,True,True,False
25,ACHILLES_001,sensitizing_uncommon_non_ex20ins_non_T790M,pacc,PACC,compound_or_group,afatinib,afatinib,61.4,True,model,1,True,afatinib,12,True,True,True,True,False
25,ACHILLES_001,sensitizing_uncommon_non_ex20ins_non_T790M,pacc,PACC,compound_or_group,afatinib,afatinib,61.4,True,baseline_0,1,True,afatinib,12,True,True,True,True,False
25,ACHILLES_001,sensitizing_uncommon_non_ex20ins_non_T790M,pacc,PACC,compound_or_group,afatinib,afatinib,61.4,True,baseline_1,1,True,afatinib,12,True,True,True,True,False
26,ACHILLES_002,sensitizing_uncommon_non_ex20ins_non_T790M,pacc,PACC,compound_or_group,platinum_pemetrexed,platinum_pemetrexed,47.1,True,model,10,False,afatinib,12,True,True,True,True,False
26,ACHILLES_002,sensitizing_uncommon_non_ex20ins_non_T790M,pacc,PACC,compound_or_group,platinum_pemetrexed,platinum_pemetrexed,47.1,True,baseline_0,3,False,afatinib,12,True,True,True,True,False
26,ACHILLES_002,sensitizing_uncommon_non_ex20ins_non_T790M,pacc,PACC,compound_or_group,platinum_pemetrexed,platinum_pemetrexed,47.1,True,baseline_1,9,False,afatinib,12,True,True,True,True,False
27,ACHILLES_003,major_uncommon,pacc,PACC,compound_or_group,afatinib,afatinib,55.8,True,model,1,True,afatinib,12,True,True,True,True,False
27,ACHILLES_003,major_uncommon,pacc,PACC,compound_or_group,afatinib,afatinib,55.8,True,baseline_0,1,True,afatinib,12,True,True,True,True,False
27,ACHILLES_003,major_uncommon,pacc,PACC,compound_or_group,afatinib,afatinib,55.8,True,baseline_1,1,True,afatinib,12,True,True,True,True,False
28,ACHILLES_004,G719X,pacc,PACC,single_or_specific,afatinib,afatinib,66.7,True,model,1,True,afatinib,12,True,True,True,True,False
28,ACHILLES_004,G719X,pacc,PACC,single_or_specific,afatinib,afatinib,66.7,True,baseline_0,1,True,afatinib,12,True,True,True,True,False
28,ACHILLES_004,G719X,pacc,PACC,single_or_specific,afatinib,afatinib,66.7,True,baseline_1,1,True,afatinib,12,True,True,True,True,False
29,ACHILLES_005,L861Q,classical_like,non_PACC,single_or_specific,afatinib,afatinib,46.2,True,model,5,False,osimertinib,12,True,True,True,True,False
29,ACHILLES_005,L861Q,classical_like,non_PACC,single_or_specific,afatinib,afatinib,46.2,True,baseline_0,2,False,osimertinib,12,True,True,True,True,False
29,ACHILLES_005,L861Q,classical_like,non_PACC,single_or_specific,afatinib,afatinib,46.2,True,baseline_1,2,False,osimertinib,12,True,True,True,True,False
30,ACHILLES_006,S768I,pacc,PACC,single_or_specific,afatinib,afatinib,0.0,True,model,1,True,afatinib,12,True,True,True,True,False
30,ACHILLES_006,S768I,pacc,PACC,single_or_specific,afatinib,afatinib,0.0,True,baseline_0,1,True,afatinib,12,True,True,True,True,False
30,ACHILLES_006,S768I,pacc,PACC,single_or_specific,afatinib,afatinib,0.0,True,baseline_1,1,True,afatinib,12,True,True,True,True,False
31,ACHILLES_007,compound_uncommon,pacc,PACC,compound_or_group,afatinib,afatinib,72.7,True,model,1,True,afatinib,12,True,True,True,True,False
31,ACHILLES_007,compound_uncommon,pacc,PACC,compound_or_group,afatinib,afatinib,72.7,True,baseline_0,1,True,afatinib,12,True,True,True,True,False
31,ACHILLES_007,compound_uncommon,pacc,PACC,compound_or_group,afatinib,afatinib,72.7,True,baseline_1,1,True,afatinib,12,True,True,True,True,False
32,ACHILLES_008,common_plus_uncommon,pacc,PACC,compound_or_group,afatinib,afatinib,100.0,True,model,1,True,afatinib,12,True,True,True,True,False
32,ACHILLES_008,common_plus_uncommon,pacc,PACC,compound_or_group,afatinib,afatinib,100.0,True,baseline_0,1,True,afatinib,12,True,True,True,True,False
32,ACHILLES_008,common_plus_uncommon,pacc,PACC,compound_or_group,afatinib,afatinib,100.0,True,baseline_1,1,True,afatinib,12,True,True,True,True,False
33,ACHILLES_009,uncommon_plus_uncommon,pacc,PACC,compound_or_group,afatinib,afatinib,64.7,True,model,1,True,afatinib,12,True,True,True,True,False
33,ACHILLES_009,uncommon_plus_uncommon,pacc,PACC,compound_or_group,afatinib,afatinib,64.7,True,baseline_0,1,True,afatinib,12,True,True,True,True,False
33,ACHILLES_009,uncommon_plus_uncommon,pacc,PACC,compound_or_group,afatinib,afatinib,64.7,True,baseline_1,1,True,afatinib,12,True,True,True,True,False
34,ACHILLES_010,other_uncommon,pacc,PACC,single_or_specific,afatinib,afatinib,60.0,True,model,1,True,afatinib,12,True,True,True,True,False
34,ACHILLES_010,other_uncommon,pacc,PACC,single_or_specific,afatinib,afatinib,60.0,True,baseline_0,1,True,afatinib,12,True,True,True,True,False
34,ACHILLES_010,other_uncommon,pacc,PACC,single_or_specific,afatinib,afatinib,60.0,True,baseline_1,1,True,afatinib,12,True,True,True,True,False
