mutation,gene,evidence_type,record_count,clinical_significance,notes,source,cohort,source_url_or_id,generated_at,license_note
G719X,EGFR,cbioportal_sample_count,4,,Counts from downloaded cBioPortal EGFR sample flags.,cBioPortal,cBioPortal downloaded cohorts,data/processed/cbioportal_egfr_sample_flags.csv,2026-06-11T23:09:56+00:00,"cBioPortal public API; source cohort licenses vary, review original study terms."
S768I,EGFR,cbioportal_sample_count,4,,Counts from downloaded cBioPortal EGFR sample flags.,cBioPortal,cBioPortal downloaded cohorts,data/processed/cbioportal_egfr_sample_flags.csv,2026-06-11T23:09:56+00:00,"cBioPortal public API; source cohort licenses vary, review original study terms."
E709X,EGFR,cbioportal_sample_count,5,,Counts from downloaded cBioPortal EGFR sample flags.,cBioPortal,cBioPortal downloaded cohorts,data/processed/cbioportal_egfr_sample_flags.csv,2026-06-11T23:09:56+00:00,"cBioPortal public API; source cohort licenses vary, review original study terms."
L861Q,EGFR,cbioportal_sample_count,10,,Counts from downloaded cBioPortal EGFR sample flags.,cBioPortal,cBioPortal downloaded cohorts,data/processed/cbioportal_egfr_sample_flags.csv,2026-06-11T23:09:56+00:00,"cBioPortal public API; source cohort licenses vary, review original study terms."
C797S,EGFR,cbioportal_sample_count,0,,Counts from downloaded cBioPortal EGFR sample flags.,cBioPortal,cBioPortal downloaded cohorts,data/processed/cbioportal_egfr_sample_flags.csv,2026-06-11T23:09:56+00:00,"cBioPortal public API; source cohort licenses vary, review original study terms."
L718Q,EGFR,cbioportal_sample_count,0,,Counts from downloaded cBioPortal EGFR sample flags.,cBioPortal,cBioPortal downloaded cohorts,data/processed/cbioportal_egfr_sample_flags.csv,2026-06-11T23:09:56+00:00,"cBioPortal public API; source cohort licenses vary, review original study terms."
ex20ins,EGFR,cbioportal_sample_count,0,,Counts from downloaded cBioPortal EGFR sample flags.,cBioPortal,cBioPortal downloaded cohorts,data/processed/cbioportal_egfr_sample_flags.csv,2026-06-11T23:09:56+00:00,"cBioPortal public API; source cohort licenses vary, review original study terms."
compound_EGFR,EGFR,cbioportal_sample_count,26,,Counts from downloaded cBioPortal EGFR sample flags.,cBioPortal,cBioPortal downloaded cohorts,data/processed/cbioportal_egfr_sample_flags.csv,2026-06-11T23:09:56+00:00,"cBioPortal public API; source cohort licenses vary, review original study terms."
E709X,EGFR,tcga_gdc_mutation_count,2,,Counted from downloaded open GDC MAF.gz files.,TCGA/GDC,TCGA-LUAD,data/raw/gdc/maf_files,2026-06-11T23:09:56+00:00,GDC open-access masked somatic mutation MAF files; use per GDC data policies.
G719X,EGFR,tcga_gdc_mutation_count,3,,Counted from downloaded open GDC MAF.gz files.,TCGA/GDC,TCGA-LUAD,data/raw/gdc/maf_files,2026-06-11T23:09:56+00:00,GDC open-access masked somatic mutation MAF files; use per GDC data policies.
L861Q,EGFR,tcga_gdc_mutation_count,5,,Counted from downloaded open GDC MAF.gz files.,TCGA/GDC,TCGA-LUAD,data/raw/gdc/maf_files,2026-06-11T23:09:56+00:00,GDC open-access masked somatic mutation MAF files; use per GDC data policies.
S768I,EGFR,tcga_gdc_mutation_count,7,,Counted from downloaded open GDC MAF.gz files.,TCGA/GDC,TCGA-LUAD,data/raw/gdc/maf_files,2026-06-11T23:09:56+00:00,GDC open-access masked somatic mutation MAF files; use per GDC data policies.
ex20ins,EGFR,tcga_gdc_mutation_count,1,,Counted from downloaded open GDC MAF.gz files.,TCGA/GDC,TCGA-LUAD,data/raw/gdc/maf_files,2026-06-11T23:09:56+00:00,GDC open-access masked somatic mutation MAF files; use per GDC data policies.
L861Q,EGFR,tcga_gdc_mutation_count,2,,Counted from downloaded open GDC MAF.gz files.,TCGA/GDC,TCGA-LUSC,data/raw/gdc/maf_files,2026-06-11T23:09:56+00:00,GDC open-access masked somatic mutation MAF files; use per GDC data policies.
C797S,EGFR,variant_drug_evidence_count,7,,"Starrett et al., 2020; Thress et al., 2015; Uchibori et al., 2017",CIViC,CIViC EGFR evidence,data/processed/civic_egfr_evidence.csv,2026-06-11T23:09:56+00:00,CIViC open variant evidence; cite CIViC and source publications.
E709X,EGFR,variant_drug_evidence_count,4,,"Kim et al., 2020",CIViC,CIViC EGFR evidence,data/processed/civic_egfr_evidence.csv,2026-06-11T23:09:56+00:00,CIViC open variant evidence; cite CIViC and source publications.
G719X,EGFR,variant_drug_evidence_count,20,,"Cappuzzo et al., 2010; Cho et al., 2014; De Grève et al., 2016; De Pas et al., 2011; Douillard et al., 2010; Greulich et al., 2005; Kancha et al., 2009; Kim et al., 2020; Locatelli-Sanchez et al., 2013; Otsuka et al., 2015; Paez et al., 2004; Wu et al., 2011",CIViC,CIViC EGFR evidence,data/processed/civic_egfr_evidence.csv,2026-06-11T23:09:56+00:00,CIViC open variant evidence; cite CIViC and source publications.
L718Q,EGFR,variant_drug_evidence_count,4,,"Starrett et al., 2020",CIViC,CIViC EGFR evidence,data/processed/civic_egfr_evidence.csv,2026-06-11T23:09:56+00:00,CIViC open variant evidence; cite CIViC and source publications.
L861Q,EGFR,variant_drug_evidence_count,7,,"Cho et al., 2020; Kancha et al., 2009; Lee et al., 2006; Nakamura et al., 2016; Wu et al., 2011",CIViC,CIViC EGFR evidence,data/processed/civic_egfr_evidence.csv,2026-06-11T23:09:56+00:00,CIViC open variant evidence; cite CIViC and source publications.
S768I,EGFR,variant_drug_evidence_count,10,,"Chen et al., 2006; Cho et al., 2020; Hellmann et al., 2014; Kancha et al., 2009; Leventakos et al., 2016; Lund-Iversen et al., 2012; Masago et al., 2010; Takano et al., 2005; Wu et al., 2008; de Gunst et al., 2007",CIViC,CIViC EGFR evidence,data/processed/civic_egfr_evidence.csv,2026-06-11T23:09:56+00:00,CIViC open variant evidence; cite CIViC and source publications.
G719X,EGFR,clinvar_query_count,4,,45225;45224;16612;16611,ClinVar,ClinVar EGFR query,NCBI E-utilities ClinVar,2026-06-11T23:09:56+00:00,NCBI ClinVar public data via E-utilities.
S768I,EGFR,clinvar_query_count,2,,45252;45251,ClinVar,ClinVar EGFR query,NCBI E-utilities ClinVar,2026-06-11T23:09:56+00:00,NCBI ClinVar public data via E-utilities.
E709X,EGFR,clinvar_query_count,7,,4338446;2033085;1393019;177646;177619;163335;45219,ClinVar,ClinVar EGFR query,NCBI E-utilities ClinVar,2026-06-11T23:09:56+00:00,NCBI ClinVar public data via E-utilities.
L861Q,EGFR,clinvar_query_count,1,,163380,ClinVar,ClinVar EGFR query,NCBI E-utilities ClinVar,2026-06-11T23:09:56+00:00,NCBI ClinVar public data via E-utilities.
C797S,EGFR,clinvar_query_count,2,,3257908;376342,ClinVar,ClinVar EGFR query,NCBI E-utilities ClinVar,2026-06-11T23:09:56+00:00,NCBI ClinVar public data via E-utilities.
L718Q,EGFR,clinvar_query_count,0,,,ClinVar,ClinVar EGFR query,NCBI E-utilities ClinVar,2026-06-11T23:09:56+00:00,NCBI ClinVar public data via E-utilities.
ex20ins,EGFR,clinvar_query_count,0,,,ClinVar,ClinVar EGFR query,NCBI E-utilities ClinVar,2026-06-11T23:09:56+00:00,NCBI ClinVar public data via E-utilities.
G719X,EGFR,hotspot_reference_file_status,1,,Cancer Hotspots file status: downloaded; xls parsing intentionally deferred from MVP.,Cancer Hotspots,Cancer Hotspots,https://www.cancerhotspots.org/files/hotspots_v2.xls,2026-06-11T23:09:56+00:00,Cancer Hotspots public download; cite Chang et al./cancerhotspots.org.
S768I,EGFR,hotspot_reference_file_status,1,,Cancer Hotspots file status: downloaded; xls parsing intentionally deferred from MVP.,Cancer Hotspots,Cancer Hotspots,https://www.cancerhotspots.org/files/hotspots_v2.xls,2026-06-11T23:09:56+00:00,Cancer Hotspots public download; cite Chang et al./cancerhotspots.org.
E709X,EGFR,hotspot_reference_file_status,1,,Cancer Hotspots file status: downloaded; xls parsing intentionally deferred from MVP.,Cancer Hotspots,Cancer Hotspots,https://www.cancerhotspots.org/files/hotspots_v2.xls,2026-06-11T23:09:56+00:00,Cancer Hotspots public download; cite Chang et al./cancerhotspots.org.
L861Q,EGFR,hotspot_reference_file_status,1,,Cancer Hotspots file status: downloaded; xls parsing intentionally deferred from MVP.,Cancer Hotspots,Cancer Hotspots,https://www.cancerhotspots.org/files/hotspots_v2.xls,2026-06-11T23:09:56+00:00,Cancer Hotspots public download; cite Chang et al./cancerhotspots.org.
C797S,EGFR,hotspot_reference_file_status,1,,Cancer Hotspots file status: downloaded; xls parsing intentionally deferred from MVP.,Cancer Hotspots,Cancer Hotspots,https://www.cancerhotspots.org/files/hotspots_v2.xls,2026-06-11T23:09:56+00:00,Cancer Hotspots public download; cite Chang et al./cancerhotspots.org.
L718Q,EGFR,hotspot_reference_file_status,1,,Cancer Hotspots file status: downloaded; xls parsing intentionally deferred from MVP.,Cancer Hotspots,Cancer Hotspots,https://www.cancerhotspots.org/files/hotspots_v2.xls,2026-06-11T23:09:56+00:00,Cancer Hotspots public download; cite Chang et al./cancerhotspots.org.
ex20ins,EGFR,hotspot_reference_file_status,1,,Cancer Hotspots file status: downloaded; xls parsing intentionally deferred from MVP.,Cancer Hotspots,Cancer Hotspots,https://www.cancerhotspots.org/files/hotspots_v2.xls,2026-06-11T23:09:56+00:00,Cancer Hotspots public download; cite Chang et al./cancerhotspots.org.
compound_EGFR,EGFR,hotspot_reference_file_status,1,,Cancer Hotspots file status: downloaded; xls parsing intentionally deferred from MVP.,Cancer Hotspots,Cancer Hotspots,https://www.cancerhotspots.org/files/hotspots_v2.xls,2026-06-11T23:09:56+00:00,Cancer Hotspots public download; cite Chang et al./cancerhotspots.org.
