source,source_url_or_id,assay,mutation,mutation_bucket,cell_line,furmonertinib_ic50_nm,ast5902_ic50_nm,osimertinib_ic50_nm,furmonertinib_vs_osimertinib_fold_lower_ic50,generated_at,license_note,brain_plasma_kp,kp_uu,notes
IASLC preclinical poster,local:data/raw/emerging_pacc_tki/furmonertinib_preclinical_pacc_iaslc_poster.pdf,cell_viability_IC50,G719S,PACC,Ba/F3,12.4,11.3,55.4,4.47,2026-06-17,Conference poster; research-use extraction.,,,
IASLC preclinical poster,local:data/raw/emerging_pacc_tki/furmonertinib_preclinical_pacc_iaslc_poster.pdf,cell_viability_IC50,S768I,PACC,Ba/F3,21.6,20.7,85.5,3.96,2026-06-17,Conference poster; research-use extraction.,,,
IASLC preclinical poster,local:data/raw/emerging_pacc_tki/furmonertinib_preclinical_pacc_iaslc_poster.pdf,cell_viability_IC50,E709H,PACC,Ba/F3,31.3,46.3,123.6,3.95,2026-06-17,Conference poster; research-use extraction.,,,
IASLC preclinical poster,local:data/raw/emerging_pacc_tki/furmonertinib_preclinical_pacc_iaslc_poster.pdf,cell_viability_IC50,E709V,PACC,Ba/F3,14.3,15.4,47.6,3.33,2026-06-17,Conference poster; research-use extraction.,,,
IASLC preclinical poster,local:data/raw/emerging_pacc_tki/furmonertinib_preclinical_pacc_iaslc_poster.pdf,cell_viability_IC50,E709-710>D,PACC,Ba/F3,89.6,95.8,197.4,2.2,2026-06-17,Conference poster; research-use extraction.,,,
IASLC preclinical poster,local:data/raw/emerging_pacc_tki/furmonertinib_preclinical_pacc_iaslc_poster.pdf,cell_viability_IC50,E709A,PACC,Ba/F3,17.9,18.2,64.2,3.59,2026-06-17,Conference poster; research-use extraction.,,,
IASLC preclinical poster,local:data/raw/emerging_pacc_tki/furmonertinib_preclinical_pacc_iaslc_poster.pdf,cell_viability_IC50,L861Q,classical_like_or_PACC_related,Ba/F3,3.8,5.5,24.56,6.46,2026-06-17,Conference poster; research-use extraction.,,,
IASLC preclinical poster,local:data/raw/emerging_pacc_tki/furmonertinib_preclinical_pacc_iaslc_poster.pdf,cell_viability_IC50,G724S,atypical_EGFR,Ba/F3,21.3,24.8,73,3.43,2026-06-17,Conference poster; research-use extraction.,,,
IASLC preclinical poster,local:data/raw/emerging_pacc_tki/furmonertinib_preclinical_pacc_iaslc_poster.pdf,cell_viability_IC50,L747S,atypical_EGFR,Ba/F3,15.0,13.4,37.8,2.52,2026-06-17,Conference poster; research-use extraction.,,,
IASLC preclinical poster,local:data/raw/emerging_pacc_tki/furmonertinib_preclinical_pacc_iaslc_poster.pdf,cell_viability_IC50,L747V,atypical_EGFR,Ba/F3,31.6,27.1,53.7,1.7,2026-06-17,Conference poster; research-use extraction.,,,
IASLC preclinical poster,local:data/raw/emerging_pacc_tki/furmonertinib_preclinical_pacc_iaslc_poster.pdf,cell_viability_IC50,H773_V774insNPH,ex20ins,Ba/F3,88,150,331,3.76,2026-06-17,Conference poster; research-use extraction.,,,
IASLC preclinical poster,local:data/raw/emerging_pacc_tki/furmonertinib_preclinical_pacc_iaslc_poster.pdf,cell_viability_IC50,V769_D770insASV,ex20ins,Ba/F3,81,126,321,3.96,2026-06-17,Conference poster; research-use extraction.,,,
IASLC preclinical poster,local:data/raw/emerging_pacc_tki/furmonertinib_preclinical_pacc_iaslc_poster.pdf,cell_viability_IC50,D770_N771insSVD,ex20ins,Ba/F3,48,100,214,4.46,2026-06-17,Conference poster; research-use extraction.,,,
IASLC preclinical poster,local:data/raw/emerging_pacc_tki/furmonertinib_preclinical_pacc_iaslc_poster.pdf,cell_viability_IC50,D770_N771insNPG,ex20ins,Ba/F3,31,49,112,3.61,2026-06-17,Conference poster; research-use extraction.,,,
IASLC preclinical poster,local:data/raw/emerging_pacc_tki/furmonertinib_preclinical_pacc_iaslc_poster.pdf,cell_viability_IC50,Ex19Del,classical,PC-9,3.3,6.1,12.9,3.91,2026-06-17,Conference poster; research-use extraction.,,,
IASLC preclinical poster,local:data/raw/emerging_pacc_tki/furmonertinib_preclinical_pacc_iaslc_poster.pdf,cell_viability_IC50,L858R/T790M,classical_resistance,H1975,10,18,24,2.4,2026-06-17,Conference poster; research-use extraction.,,,
IASLC preclinical poster,local:data/raw/emerging_pacc_tki/furmonertinib_preclinical_pacc_iaslc_poster.pdf,cell_viability_IC50,WT,WT_EGFR,A431,162.6,273.1,471.6,2.9,2026-06-17,Conference poster; research-use extraction.,,,
IASLC preclinical poster,local:data/raw/emerging_pacc_tki/furmonertinib_preclinical_pacc_iaslc_poster.pdf,brain_PK,NA,CNS_modifier,mouse PK,,,,,2026-06-17,Conference poster; research-use extraction.,3.31,0.87,"Furmonertinib brain/plasma Kp 3.31 and Kp,uu 0.87; poster states ~4x higher Kp,uu than osimertinib published data."
IASLC preclinical poster,local:data/raw/emerging_pacc_tki/furmonertinib_preclinical_pacc_iaslc_poster.pdf,brain_PK,NA,CNS_modifier,mouse PK AST5902,,,,,2026-06-17,Conference poster; research-use extraction.,0.76,0.14,Active metabolite AST5902 also has Kp >0.5.
IASLC preclinical poster,local:data/raw/emerging_pacc_tki/furmonertinib_preclinical_pacc_iaslc_poster.pdf,brain_orthotopic_PC9_luc,Ex19Del,CNS_modifier,PC-9-Luc brain orthotopic mouse model,,,,,2026-06-17,Conference poster; research-use extraction.,,,"Day 10 bioluminescence: furmonertinib 10 mg/kg TGI 90.20%, 30 mg/kg TGI 100.49%; osimertinib 10 mg/kg TGI 99.19%; n=6."
IASLC preclinical poster,local:data/raw/emerging_pacc_tki/furmonertinib_preclinical_pacc_iaslc_poster.pdf,PDX_ex20ins_H773_V774insNPH,H773_V774insNPH,ex20ins,HuPrime LU0387 PDX,,,,,2026-06-17,Conference poster; research-use extraction.,,,"20, 30, 50 mg/kg QD human equivalent ~80,160,240 mg QD; TGI 61.0%, 90.2%, 132.5%; body weight loss <10%."
