workflow,workflow_description,variant_model,drug,vina_score_kcal_mol,pose_pdbqt,log_file,rank_within_variant_workflow
obabel_default,OpenBabel PDBQT conversion from heavy-atom PDB; default OpenBabel charges.,WT,afatinib,-9.348,F:\egfr_pacc_digital_cell\reports\docking_workflow_sensitivity\poses\obabel_default__WT__afatinib__vina_pose.pdbqt,F:\egfr_pacc_digital_cell\reports\docking_workflow_sensitivity\logs\obabel_default__WT__afatinib__vina.log,2.0
obabel_default,OpenBabel PDBQT conversion from heavy-atom PDB; default OpenBabel charges.,WT,osimertinib,-9.712,F:\egfr_pacc_digital_cell\reports\docking_workflow_sensitivity\poses\obabel_default__WT__osimertinib__vina_pose.pdbqt,F:\egfr_pacc_digital_cell\reports\docking_workflow_sensitivity\logs\obabel_default__WT__osimertinib__vina.log,1.0
obabel_default,OpenBabel PDBQT conversion from heavy-atom PDB; default OpenBabel charges.,WT,furmonertinib,-9.224,F:\egfr_pacc_digital_cell\reports\docking_workflow_sensitivity\poses\obabel_default__WT__furmonertinib__vina_pose.pdbqt,F:\egfr_pacc_digital_cell\reports\docking_workflow_sensitivity\logs\obabel_default__WT__furmonertinib__vina.log,3.0
obabel_default,OpenBabel PDBQT conversion from heavy-atom PDB; default OpenBabel charges.,G719S,afatinib,-9.001,F:\egfr_pacc_digital_cell\reports\docking_workflow_sensitivity\poses\obabel_default__G719S__afatinib__vina_pose.pdbqt,F:\egfr_pacc_digital_cell\reports\docking_workflow_sensitivity\logs\obabel_default__G719S__afatinib__vina.log,3.0
obabel_default,OpenBabel PDBQT conversion from heavy-atom PDB; default OpenBabel charges.,G719S,osimertinib,-9.282,F:\egfr_pacc_digital_cell\reports\docking_workflow_sensitivity\poses\obabel_default__G719S__osimertinib__vina_pose.pdbqt,F:\egfr_pacc_digital_cell\reports\docking_workflow_sensitivity\logs\obabel_default__G719S__osimertinib__vina.log,1.0
obabel_default,OpenBabel PDBQT conversion from heavy-atom PDB; default OpenBabel charges.,G719S,furmonertinib,-9.207,F:\egfr_pacc_digital_cell\reports\docking_workflow_sensitivity\poses\obabel_default__G719S__furmonertinib__vina_pose.pdbqt,F:\egfr_pacc_digital_cell\reports\docking_workflow_sensitivity\logs\obabel_default__G719S__furmonertinib__vina.log,2.0
obabel_default,OpenBabel PDBQT conversion from heavy-atom PDB; default OpenBabel charges.,L861Q,afatinib,-9.071,F:\egfr_pacc_digital_cell\reports\docking_workflow_sensitivity\poses\obabel_default__L861Q__afatinib__vina_pose.pdbqt,F:\egfr_pacc_digital_cell\reports\docking_workflow_sensitivity\logs\obabel_default__L861Q__afatinib__vina.log,2.0
obabel_default,OpenBabel PDBQT conversion from heavy-atom PDB; default OpenBabel charges.,L861Q,osimertinib,-8.89,F:\egfr_pacc_digital_cell\reports\docking_workflow_sensitivity\poses\obabel_default__L861Q__osimertinib__vina_pose.pdbqt,F:\egfr_pacc_digital_cell\reports\docking_workflow_sensitivity\logs\obabel_default__L861Q__osimertinib__vina.log,3.0
obabel_default,OpenBabel PDBQT conversion from heavy-atom PDB; default OpenBabel charges.,L861Q,furmonertinib,-9.591,F:\egfr_pacc_digital_cell\reports\docking_workflow_sensitivity\poses\obabel_default__L861Q__furmonertinib__vina_pose.pdbqt,F:\egfr_pacc_digital_cell\reports\docking_workflow_sensitivity\logs\obabel_default__L861Q__furmonertinib__vina.log,1.0
obabel_default,OpenBabel PDBQT conversion from heavy-atom PDB; default OpenBabel charges.,S768I,afatinib,-9.358,F:\egfr_pacc_digital_cell\reports\docking_workflow_sensitivity\poses\obabel_default__S768I__afatinib__vina_pose.pdbqt,F:\egfr_pacc_digital_cell\reports\docking_workflow_sensitivity\logs\obabel_default__S768I__afatinib__vina.log,2.0
obabel_default,OpenBabel PDBQT conversion from heavy-atom PDB; default OpenBabel charges.,S768I,osimertinib,-9.134,F:\egfr_pacc_digital_cell\reports\docking_workflow_sensitivity\poses\obabel_default__S768I__osimertinib__vina_pose.pdbqt,F:\egfr_pacc_digital_cell\reports\docking_workflow_sensitivity\logs\obabel_default__S768I__osimertinib__vina.log,3.0
obabel_default,OpenBabel PDBQT conversion from heavy-atom PDB; default OpenBabel charges.,S768I,furmonertinib,-9.367,F:\egfr_pacc_digital_cell\reports\docking_workflow_sensitivity\poses\obabel_default__S768I__furmonertinib__vina_pose.pdbqt,F:\egfr_pacc_digital_cell\reports\docking_workflow_sensitivity\logs\obabel_default__S768I__furmonertinib__vina.log,1.0
obabel_gasteiger,OpenBabel PDBQT conversion with Gasteiger partial charges.,WT,afatinib,-9.348,F:\egfr_pacc_digital_cell\reports\docking_workflow_sensitivity\poses\obabel_gasteiger__WT__afatinib__vina_pose.pdbqt,F:\egfr_pacc_digital_cell\reports\docking_workflow_sensitivity\logs\obabel_gasteiger__WT__afatinib__vina.log,2.0
obabel_gasteiger,OpenBabel PDBQT conversion with Gasteiger partial charges.,WT,osimertinib,-9.712,F:\egfr_pacc_digital_cell\reports\docking_workflow_sensitivity\poses\obabel_gasteiger__WT__osimertinib__vina_pose.pdbqt,F:\egfr_pacc_digital_cell\reports\docking_workflow_sensitivity\logs\obabel_gasteiger__WT__osimertinib__vina.log,1.0
obabel_gasteiger,OpenBabel PDBQT conversion with Gasteiger partial charges.,WT,furmonertinib,-9.224,F:\egfr_pacc_digital_cell\reports\docking_workflow_sensitivity\poses\obabel_gasteiger__WT__furmonertinib__vina_pose.pdbqt,F:\egfr_pacc_digital_cell\reports\docking_workflow_sensitivity\logs\obabel_gasteiger__WT__furmonertinib__vina.log,3.0
obabel_gasteiger,OpenBabel PDBQT conversion with Gasteiger partial charges.,G719S,afatinib,-9.001,F:\egfr_pacc_digital_cell\reports\docking_workflow_sensitivity\poses\obabel_gasteiger__G719S__afatinib__vina_pose.pdbqt,F:\egfr_pacc_digital_cell\reports\docking_workflow_sensitivity\logs\obabel_gasteiger__G719S__afatinib__vina.log,3.0
obabel_gasteiger,OpenBabel PDBQT conversion with Gasteiger partial charges.,G719S,osimertinib,-9.282,F:\egfr_pacc_digital_cell\reports\docking_workflow_sensitivity\poses\obabel_gasteiger__G719S__osimertinib__vina_pose.pdbqt,F:\egfr_pacc_digital_cell\reports\docking_workflow_sensitivity\logs\obabel_gasteiger__G719S__osimertinib__vina.log,1.0
obabel_gasteiger,OpenBabel PDBQT conversion with Gasteiger partial charges.,G719S,furmonertinib,-9.207,F:\egfr_pacc_digital_cell\reports\docking_workflow_sensitivity\poses\obabel_gasteiger__G719S__furmonertinib__vina_pose.pdbqt,F:\egfr_pacc_digital_cell\reports\docking_workflow_sensitivity\logs\obabel_gasteiger__G719S__furmonertinib__vina.log,2.0
obabel_gasteiger,OpenBabel PDBQT conversion with Gasteiger partial charges.,L861Q,afatinib,-9.071,F:\egfr_pacc_digital_cell\reports\docking_workflow_sensitivity\poses\obabel_gasteiger__L861Q__afatinib__vina_pose.pdbqt,F:\egfr_pacc_digital_cell\reports\docking_workflow_sensitivity\logs\obabel_gasteiger__L861Q__afatinib__vina.log,2.0
obabel_gasteiger,OpenBabel PDBQT conversion with Gasteiger partial charges.,L861Q,osimertinib,-8.89,F:\egfr_pacc_digital_cell\reports\docking_workflow_sensitivity\poses\obabel_gasteiger__L861Q__osimertinib__vina_pose.pdbqt,F:\egfr_pacc_digital_cell\reports\docking_workflow_sensitivity\logs\obabel_gasteiger__L861Q__osimertinib__vina.log,3.0
obabel_gasteiger,OpenBabel PDBQT conversion with Gasteiger partial charges.,L861Q,furmonertinib,-9.591,F:\egfr_pacc_digital_cell\reports\docking_workflow_sensitivity\poses\obabel_gasteiger__L861Q__furmonertinib__vina_pose.pdbqt,F:\egfr_pacc_digital_cell\reports\docking_workflow_sensitivity\logs\obabel_gasteiger__L861Q__furmonertinib__vina.log,1.0
obabel_gasteiger,OpenBabel PDBQT conversion with Gasteiger partial charges.,S768I,afatinib,-9.358,F:\egfr_pacc_digital_cell\reports\docking_workflow_sensitivity\poses\obabel_gasteiger__S768I__afatinib__vina_pose.pdbqt,F:\egfr_pacc_digital_cell\reports\docking_workflow_sensitivity\logs\obabel_gasteiger__S768I__afatinib__vina.log,2.0
obabel_gasteiger,OpenBabel PDBQT conversion with Gasteiger partial charges.,S768I,osimertinib,-9.134,F:\egfr_pacc_digital_cell\reports\docking_workflow_sensitivity\poses\obabel_gasteiger__S768I__osimertinib__vina_pose.pdbqt,F:\egfr_pacc_digital_cell\reports\docking_workflow_sensitivity\logs\obabel_gasteiger__S768I__osimertinib__vina.log,3.0
obabel_gasteiger,OpenBabel PDBQT conversion with Gasteiger partial charges.,S768I,furmonertinib,-9.367,F:\egfr_pacc_digital_cell\reports\docking_workflow_sensitivity\poses\obabel_gasteiger__S768I__furmonertinib__vina_pose.pdbqt,F:\egfr_pacc_digital_cell\reports\docking_workflow_sensitivity\logs\obabel_gasteiger__S768I__furmonertinib__vina.log,1.0
pdbfixer_ph7p4_obabel_gasteiger,"PDBFixer protonation at pH 7.4, nonpolar hydrogens removed, followed by OpenBabel Gasteiger PDBQT.",WT,afatinib,-9.36,F:\egfr_pacc_digital_cell\reports\docking_workflow_sensitivity\poses\pdbfixer_ph7p4_obabel_gasteiger__WT__afatinib__vina_pose.pdbqt,F:\egfr_pacc_digital_cell\reports\docking_workflow_sensitivity\logs\pdbfixer_ph7p4_obabel_gasteiger__WT__afatinib__vina.log,1.0
pdbfixer_ph7p4_obabel_gasteiger,"PDBFixer protonation at pH 7.4, nonpolar hydrogens removed, followed by OpenBabel Gasteiger PDBQT.",WT,osimertinib,-9.229,F:\egfr_pacc_digital_cell\reports\docking_workflow_sensitivity\poses\pdbfixer_ph7p4_obabel_gasteiger__WT__osimertinib__vina_pose.pdbqt,F:\egfr_pacc_digital_cell\reports\docking_workflow_sensitivity\logs\pdbfixer_ph7p4_obabel_gasteiger__WT__osimertinib__vina.log,2.0
pdbfixer_ph7p4_obabel_gasteiger,"PDBFixer protonation at pH 7.4, nonpolar hydrogens removed, followed by OpenBabel Gasteiger PDBQT.",WT,furmonertinib,-9.088,F:\egfr_pacc_digital_cell\reports\docking_workflow_sensitivity\poses\pdbfixer_ph7p4_obabel_gasteiger__WT__furmonertinib__vina_pose.pdbqt,F:\egfr_pacc_digital_cell\reports\docking_workflow_sensitivity\logs\pdbfixer_ph7p4_obabel_gasteiger__WT__furmonertinib__vina.log,3.0
pdbfixer_ph7p4_obabel_gasteiger,"PDBFixer protonation at pH 7.4, nonpolar hydrogens removed, followed by OpenBabel Gasteiger PDBQT.",G719S,afatinib,-9.087,F:\egfr_pacc_digital_cell\reports\docking_workflow_sensitivity\poses\pdbfixer_ph7p4_obabel_gasteiger__G719S__afatinib__vina_pose.pdbqt,F:\egfr_pacc_digital_cell\reports\docking_workflow_sensitivity\logs\pdbfixer_ph7p4_obabel_gasteiger__G719S__afatinib__vina.log,3.0
pdbfixer_ph7p4_obabel_gasteiger,"PDBFixer protonation at pH 7.4, nonpolar hydrogens removed, followed by OpenBabel Gasteiger PDBQT.",G719S,osimertinib,-9.793,F:\egfr_pacc_digital_cell\reports\docking_workflow_sensitivity\poses\pdbfixer_ph7p4_obabel_gasteiger__G719S__osimertinib__vina_pose.pdbqt,F:\egfr_pacc_digital_cell\reports\docking_workflow_sensitivity\logs\pdbfixer_ph7p4_obabel_gasteiger__G719S__osimertinib__vina.log,1.0
pdbfixer_ph7p4_obabel_gasteiger,"PDBFixer protonation at pH 7.4, nonpolar hydrogens removed, followed by OpenBabel Gasteiger PDBQT.",G719S,furmonertinib,-9.389,F:\egfr_pacc_digital_cell\reports\docking_workflow_sensitivity\poses\pdbfixer_ph7p4_obabel_gasteiger__G719S__furmonertinib__vina_pose.pdbqt,F:\egfr_pacc_digital_cell\reports\docking_workflow_sensitivity\logs\pdbfixer_ph7p4_obabel_gasteiger__G719S__furmonertinib__vina.log,2.0
pdbfixer_ph7p4_obabel_gasteiger,"PDBFixer protonation at pH 7.4, nonpolar hydrogens removed, followed by OpenBabel Gasteiger PDBQT.",L861Q,afatinib,-9.275,F:\egfr_pacc_digital_cell\reports\docking_workflow_sensitivity\poses\pdbfixer_ph7p4_obabel_gasteiger__L861Q__afatinib__vina_pose.pdbqt,F:\egfr_pacc_digital_cell\reports\docking_workflow_sensitivity\logs\pdbfixer_ph7p4_obabel_gasteiger__L861Q__afatinib__vina.log,3.0
pdbfixer_ph7p4_obabel_gasteiger,"PDBFixer protonation at pH 7.4, nonpolar hydrogens removed, followed by OpenBabel Gasteiger PDBQT.",L861Q,osimertinib,-9.804,F:\egfr_pacc_digital_cell\reports\docking_workflow_sensitivity\poses\pdbfixer_ph7p4_obabel_gasteiger__L861Q__osimertinib__vina_pose.pdbqt,F:\egfr_pacc_digital_cell\reports\docking_workflow_sensitivity\logs\pdbfixer_ph7p4_obabel_gasteiger__L861Q__osimertinib__vina.log,1.0
pdbfixer_ph7p4_obabel_gasteiger,"PDBFixer protonation at pH 7.4, nonpolar hydrogens removed, followed by OpenBabel Gasteiger PDBQT.",L861Q,furmonertinib,-9.764,F:\egfr_pacc_digital_cell\reports\docking_workflow_sensitivity\poses\pdbfixer_ph7p4_obabel_gasteiger__L861Q__furmonertinib__vina_pose.pdbqt,F:\egfr_pacc_digital_cell\reports\docking_workflow_sensitivity\logs\pdbfixer_ph7p4_obabel_gasteiger__L861Q__furmonertinib__vina.log,2.0
pdbfixer_ph7p4_obabel_gasteiger,"PDBFixer protonation at pH 7.4, nonpolar hydrogens removed, followed by OpenBabel Gasteiger PDBQT.",S768I,afatinib,-9.09,F:\egfr_pacc_digital_cell\reports\docking_workflow_sensitivity\poses\pdbfixer_ph7p4_obabel_gasteiger__S768I__afatinib__vina_pose.pdbqt,F:\egfr_pacc_digital_cell\reports\docking_workflow_sensitivity\logs\pdbfixer_ph7p4_obabel_gasteiger__S768I__afatinib__vina.log,3.0
pdbfixer_ph7p4_obabel_gasteiger,"PDBFixer protonation at pH 7.4, nonpolar hydrogens removed, followed by OpenBabel Gasteiger PDBQT.",S768I,osimertinib,-9.724,F:\egfr_pacc_digital_cell\reports\docking_workflow_sensitivity\poses\pdbfixer_ph7p4_obabel_gasteiger__S768I__osimertinib__vina_pose.pdbqt,F:\egfr_pacc_digital_cell\reports\docking_workflow_sensitivity\logs\pdbfixer_ph7p4_obabel_gasteiger__S768I__osimertinib__vina.log,2.0
pdbfixer_ph7p4_obabel_gasteiger,"PDBFixer protonation at pH 7.4, nonpolar hydrogens removed, followed by OpenBabel Gasteiger PDBQT.",S768I,furmonertinib,-9.745,F:\egfr_pacc_digital_cell\reports\docking_workflow_sensitivity\poses\pdbfixer_ph7p4_obabel_gasteiger__S768I__furmonertinib__vina_pose.pdbqt,F:\egfr_pacc_digital_cell\reports\docking_workflow_sensitivity\logs\pdbfixer_ph7p4_obabel_gasteiger__S768I__furmonertinib__vina.log,1.0
